Algorithm,Seed,Episode,EpisodeHotelRevenue,EpisodeOTAProfit,EpisodeSystemProfit,EpisodeRevenue
Multivariate CEM,2,1,3859394.5403071474,311672.2026944803,4171066.7430016277,3859394.5403071474
Multivariate CEM,2,2,4150808.956404979,273431.48046139046,4424240.436866369,4150808.956404979
Multivariate CEM,2,3,4453972.809007727,232861.5940715006,4686834.403079228,4453972.809007727
Multivariate CEM,2,4,4654588.434860516,212033.13172697308,4866621.566587489,4654588.434860516
Multivariate CEM,2,5,4717279.567023302,200395.7578668424,4917675.324890145,4717279.567023302
Multivariate CEM,2,6,4820031.235849615,192423.34560249673,5012454.581452112,4820031.235849615
Multivariate CEM,2,7,4890780.447946094,193280.9745241171,5084061.422470211,4890780.447946094
Multivariate CEM,2,8,4950580.606137251,186757.3594944964,5137337.965631747,4950580.606137251
Multivariate CEM,2,9,4943096.670801059,181201.84425820594,5124298.515059265,4943096.670801059
Multivariate CEM,2,10,5042534.718583213,177127.59156602147,5219662.310149235,5042534.718583213
Multivariate CEM,2,11,5076551.636064412,177090.4100055493,5253642.046069961,5076551.636064412
Multivariate CEM,2,12,5110058.492113942,165010.9554811233,5275069.447595065,5110058.492113942
Multivariate CEM,2,13,5159388.597179591,168726.2994641024,5328114.896643694,5159388.597179591
Multivariate CEM,2,14,5091456.29116396,166930.07373505065,5258386.36489901,5091456.29116396
Multivariate CEM,2,15,5133323.161857515,163490.52552198895,5296813.687379504,5133323.161857515
Multivariate CEM,2,16,5153541.499792451,161513.05404970396,5315054.553842155,5153541.499792451
Multivariate CEM,2,17,5173644.005649629,158832.78464024488,5332476.790289874,5173644.005649629
Multivariate CEM,2,18,5166573.498078612,152669.38878206516,5319242.886860677,5166573.498078612
Multivariate CEM,2,19,5208177.492765608,158957.26203555998,5367134.754801168,5208177.492765608
Multivariate CEM,2,20,5181055.889619227,155218.80709366445,5336274.696712891,5181055.889619227
Multivariate CEM,2,21,5157597.11885784,148348.90642572593,5305946.025283566,5157597.11885784
Multivariate CEM,2,22,5195997.233696005,148909.14586643502,5344906.37956244,5195997.233696005
Multivariate CEM,2,23,5175769.560478114,147377.95220648238,5323147.512684596,5175769.560478114
Multivariate CEM,2,24,5201696.856388552,146270.74689014806,5347967.6032787,5201696.856388552
Multivariate CEM,2,25,5219772.550820256,148686.66457947966,5368459.215399736,5219772.550820256
Multivariate CEM,2,26,5207586.659972954,150817.83060092802,5358404.490573881,5207586.659972954
Multivariate CEM,2,27,5233644.257597432,150538.63642300238,5384182.894020434,5233644.257597432
Multivariate CEM,2,28,5207444.057948767,145085.5203555781,5352529.578304346,5207444.057948767
Multivariate CEM,2,29,5210780.590054327,145898.14336114947,5356678.733415476,5210780.590054327
Multivariate CEM,2,30,5237235.770285264,148316.44954527335,5385552.219830537,5237235.770285264
Multivariate CEM,2,31,5227820.095955035,148797.25353018107,5376617.349485216,5227820.095955035
Multivariate CEM,2,32,5222278.764363927,154954.8475685662,5377233.611932493,5222278.764363927
Multivariate CEM,2,33,5240396.8750803005,148570.9719903761,5388967.847070676,5240396.8750803005
Multivariate CEM,2,34,5238714.061883331,140271.74262731476,5378985.804510646,5238714.061883331
Multivariate CEM,2,35,5222658.363528052,148955.6893797152,5371614.052907768,5222658.363528052
Multivariate CEM,2,36,5243978.194305343,152116.2985170453,5396094.492822388,5243978.194305343
Multivariate CEM,2,37,5238585.161554692,143276.95527978666,5381862.116834479,5238585.161554692
Multivariate CEM,2,38,5237180.780727044,155655.59425145303,5392836.374978497,5237180.780727044
Multivariate CEM,2,39,5232551.377298022,151761.33289738762,5384312.710195409,5232551.377298022
Multivariate CEM,2,40,5237972.777260298,156220.314509923,5394193.091770221,5237972.777260298
Multivariate CEM,2,41,5237706.746666664,155854.21539861342,5393560.962065278,5237706.746666664
Multivariate CEM,2,42,5235970.89606906,157491.5442163484,5393462.440285409,5235970.89606906
Multivariate CEM,2,43,5263049.120486821,154856.73360372952,5417905.854090551,5263049.120486821
Multivariate CEM,2,44,5221142.854916099,156940.99585181533,5378083.850767915,5221142.854916099
Multivariate CEM,2,45,5256439.937804592,151854.99103716842,5408294.92884176,5256439.937804592
Multivariate CEM,2,46,5252910.475415682,154878.78943287476,5407789.264848557,5252910.475415682
Multivariate CEM,2,47,5252513.891494005,153710.04522809648,5406223.936722102,5252513.891494005
Multivariate CEM,2,48,5226069.581949535,153940.42931706968,5380010.011266604,5226069.581949535
Multivariate CEM,2,49,5264840.944140441,153081.39193201438,5417922.336072455,5264840.944140441
Multivariate CEM,2,50,5256828.123330717,157146.51354590984,5413974.636876627,5256828.123330717
Multivariate CEM,2,51,5263808.010618987,154306.38537535258,5418114.395994339,5263808.010618987
Multivariate CEM,2,52,5239949.228849562,152355.85721274107,5392305.086062303,5239949.228849562
Multivariate CEM,2,53,5255371.989565808,149925.06949744906,5405297.059063258,5255371.989565808
Multivariate CEM,2,54,5281432.3591986485,154033.90941807488,5435466.268616723,5281432.3591986485
Multivariate CEM,2,55,5242649.376798491,151252.53852130487,5393901.915319796,5242649.376798491
Multivariate CEM,2,56,5242318.782056806,152132.13144916377,5394450.91350597,5242318.782056806
Multivariate CEM,2,57,5213587.577556029,153669.26755274108,5367256.84510877,5213587.577556029
Multivariate CEM,2,58,5232926.187666672,149865.71796971984,5382791.9056363925,5232926.187666672
Multivariate CEM,2,59,5257213.902842723,156155.06046755335,5413368.963310276,5257213.902842723
Multivariate CEM,2,60,5218002.546158809,154025.6628059489,5372028.208964759,5218002.546158809
Multivariate CEM,2,61,5212032.344100956,152807.23158592934,5364839.575686885,5212032.344100956
Multivariate CEM,2,62,5212545.7793064015,151072.32756666653,5363618.106873068,5212545.7793064015
Multivariate CEM,2,63,5207430.367635654,152651.75401234557,5360082.121648,5207430.367635654
Multivariate CEM,2,64,5205503.531763547,152087.91633137432,5357591.448094921,5205503.531763547
Multivariate CEM,2,65,5247733.653573226,152564.0099426193,5400297.663515845,5247733.653573226
Multivariate CEM,2,66,5206412.054314518,157182.88313409046,5363594.937448609,5206412.054314518
Multivariate CEM,2,67,5238093.349205241,154338.17576864827,5392431.524973889,5238093.349205241
Multivariate CEM,2,68,5201339.5935254805,154898.7751377196,5356238.3686632,5201339.5935254805
Multivariate CEM,2,69,5216185.5752649885,154825.61727845485,5371011.192543443,5216185.5752649885
Multivariate CEM,2,70,5252410.211277303,154935.52526993124,5407345.7365472345,5252410.211277303
Multivariate CEM,2,71,5245171.66291874,155021.81890516996,5400193.48182391,5245171.66291874
Multivariate CEM,2,72,5250431.578087554,154134.94055450274,5404566.518642057,5250431.578087554
Multivariate CEM,2,73,5249342.177557919,158002.14708589137,5407344.32464381,5249342.177557919
Multivariate CEM,2,74,5248333.192679688,152796.43866270102,5401129.63134239,5248333.192679688
Multivariate CEM,2,75,5247703.235737593,156647.7179889106,5404350.953726503,5247703.235737593
Multivariate CEM,2,76,5254859.01404857,157883.26968274638,5412742.283731316,5254859.01404857
Multivariate CEM,2,77,5227268.477586038,154727.57051677792,5381996.048102817,5227268.477586038
Multivariate CEM,2,78,5243986.974496516,151237.85387045733,5395224.828366973,5243986.974496516
Multivariate CEM,2,79,5256587.493619586,157251.6121294052,5413839.1057489915,5256587.493619586
Multivariate CEM,2,80,5218237.0548424525,152860.8235368538,5371097.878379307,5218237.0548424525
Multivariate CEM,2,81,5246107.377447818,156484.69162552422,5402592.069073343,5246107.377447818
Multivariate CEM,2,82,5186626.4767577825,153644.9464166032,5340271.423174386,5186626.4767577825
Multivariate CEM,2,83,5222867.807606318,154760.31004080686,5377628.117647124,5222867.807606318
Multivariate CEM,2,84,5229757.841263365,153262.01309988907,5383019.854363254,5229757.841263365
Multivariate CEM,2,85,5215367.3380443845,152275.57735640858,5367642.915400793,5215367.3380443845
Multivariate CEM,2,86,5265608.434877047,155188.33356382605,5420796.768440873,5265608.434877047
Multivariate CEM,2,87,5277530.87789734,157051.43704070526,5434582.314938045,5277530.87789734
Multivariate CEM,2,88,5265057.322558199,153030.0728995705,5418087.39545777,5265057.322558199
Multivariate CEM,2,89,5235273.226107076,153422.78410226209,5388696.010209338,5235273.226107076
Multivariate CEM,2,90,5229177.731471211,155447.37110637207,5384625.102577583,5229177.731471211
Multivariate CEM,2,91,5239588.39944605,155467.890929345,5395056.290375395,5239588.39944605
Multivariate CEM,2,92,5252361.8739556,156555.1549756181,5408917.028931218,5252361.8739556
Multivariate CEM,2,93,5228471.474130842,156282.73898212772,5384754.21311297,5228471.474130842
Multivariate CEM,2,94,5240378.731095336,150072.14406950018,5390450.875164837,5240378.731095336
Multivariate CEM,2,95,5259005.9372595325,151148.37257688603,5410154.309836418,5259005.9372595325
Multivariate CEM,2,96,5240425.185949241,155137.4075915189,5395562.59354076,5240425.185949241
Multivariate CEM,2,97,5225567.069193218,149039.30905542578,5374606.378248644,5225567.069193218
Multivariate CEM,2,98,5226887.328365919,150561.64068902907,5377448.969054949,5226887.328365919
Multivariate CEM,2,99,5230343.002301187,153731.39386583006,5384074.3961670175,5230343.002301187
Multivariate CEM,2,100,5273529.4704118455,149352.13147895725,5422881.601890802,5273529.4704118455
Multivariate CEM,2,101,5202191.286276189,153882.17506485325,5356073.461341042,5202191.286276189
Multivariate CEM,2,102,5248092.804842493,155221.1445165445,5403313.949359037,5248092.804842493
Multivariate CEM,2,103,5209652.061427744,155284.55539092957,5364936.616818674,5209652.061427744
Multivariate CEM,2,104,5234644.575365611,153770.84037961558,5388415.415745227,5234644.575365611
Multivariate CEM,2,105,5247667.914107716,155412.83596526473,5403080.75007298,5247667.914107716
Multivariate CEM,2,106,5215038.414816354,155195.5607407925,5370233.975557147,5215038.414816354
Multivariate CEM,2,107,5223579.181404775,157677.068556947,5381256.249961722,5223579.181404775
Multivariate CEM,2,108,5235234.231501884,156846.5472311242,5392080.778733008,5235234.231501884
Multivariate CEM,2,109,5234654.676187665,157299.19655403148,5391953.872741696,5234654.676187665
Multivariate CEM,2,110,5248579.798737699,156212.4866828077,5404792.285420507,5248579.798737699
Multivariate CEM,2,111,5233632.484749628,155042.042273352,5388674.52702298,5233632.484749628
Multivariate CEM,2,112,5223177.751899736,156760.6184657503,5379938.3703654865,5223177.751899736
Multivariate CEM,2,113,5231316.331746755,160732.88715578275,5392049.218902538,5231316.331746755
Multivariate CEM,2,114,5217716.7044684235,159010.49316394745,5376727.1976323705,5217716.7044684235
Multivariate CEM,2,115,5237238.261422889,159101.2329731575,5396339.494396047,5237238.261422889
Multivariate CEM,2,116,5226407.044639807,152480.04075399242,5378887.0853937995,5226407.044639807
Multivariate CEM,2,117,5253519.782072508,159642.08517879588,5413161.867251304,5253519.782072508
Multivariate CEM,2,118,5210482.768978675,161124.6512667368,5371607.420245412,5210482.768978675
Multivariate CEM,2,119,5207291.843340502,157489.60519887396,5364781.448539376,5207291.843340502
Multivariate CEM,2,120,5234501.145131969,164072.98370120797,5398574.128833177,5234501.145131969
Multivariate CEM,2,121,5230404.871178126,156918.99094401157,5387323.862122137,5230404.871178126
Multivariate CEM,2,122,5260811.238984256,156094.48303560764,5416905.722019863,5260811.238984256
Multivariate CEM,2,123,5211608.418187553,156384.68478396445,5367993.1029715175,5211608.418187553
Multivariate CEM,2,124,5216602.729900805,159231.1699567427,5375833.899857548,5216602.729900805
Multivariate CEM,2,125,5231213.76485009,157183.60692791766,5388397.371778008,5231213.76485009
Multivariate CEM,2,126,5234945.913695143,156605.61203020115,5391551.525725344,5234945.913695143
Multivariate CEM,2,127,5198477.778802783,159613.35826141635,5358091.1370642,5198477.778802783
Multivariate CEM,2,128,5252827.770872597,157567.52381849688,5410395.294691093,5252827.770872597
Multivariate CEM,2,129,5237374.511504418,164116.80062844383,5401491.312132862,5237374.511504418
Multivariate CEM,2,130,5257811.274332457,161796.84980945408,5419608.124141911,5257811.274332457
Multivariate CEM,2,131,5271616.526418262,163592.60702458408,5435209.133442846,5271616.526418262
Multivariate CEM,2,132,5292439.425086004,166607.2275070813,5459046.652593085,5292439.425086004
Multivariate CEM,2,133,5247561.529050887,166141.86737948292,5413703.3964303695,5247561.529050887
Multivariate CEM,2,134,5213831.5059521105,163760.74113151993,5377592.24708363,5213831.5059521105
Multivariate CEM,2,135,5249055.382681926,158409.72402886683,5407465.1067107925,5249055.382681926
Multivariate CEM,2,136,5246484.930824605,163353.63443792562,5409838.56526253,5246484.930824605
Multivariate CEM,2,137,5259044.932624894,162421.7363114459,5421466.66893634,5259044.932624894
Independent CEM,2,1,3834231.7076756586,310609.2097977487,4144840.9174734075,3834231.7076756586
Independent CEM,2,2,4097553.7631560946,279591.58447292127,4377145.347629016,4097553.7631560946
Independent CEM,2,3,4459515.731673326,251991.1698245233,4711506.901497849,4459515.731673326
Independent CEM,2,4,4635228.85480333,237898.32976684006,4873127.18457017,4635228.85480333
Independent CEM,2,5,4749261.228519676,207254.10058916057,4956515.329108837,4749261.228519676
Independent CEM,2,6,4878608.681144378,202905.6620057769,5081514.343150155,4878608.681144378
Independent CEM,2,7,4933583.206694965,184252.856142977,5117836.0628379425,4933583.206694965
Independent CEM,2,8,5001316.20003391,186115.25030546097,5187431.45033937,5001316.20003391
Independent CEM,2,9,4995990.125849446,183752.48700019412,5179742.612849641,4995990.125849446
Independent CEM,2,10,5041721.352936463,182026.40599158886,5223747.758928052,5041721.352936463
Independent CEM,2,11,5096243.75936537,174839.57026114705,5271083.329626516,5096243.75936537
Independent CEM,2,12,5092043.098659911,178833.89170204883,5270876.99036196,5092043.098659911
Independent CEM,2,13,5076023.109859826,182059.9629752682,5258083.072835094,5076023.109859826
Independent CEM,2,14,5078576.397007302,169457.02394615355,5248033.420953456,5078576.397007302
Independent CEM,2,15,5111746.136313134,175028.52093120545,5286774.65724434,5111746.136313134
Independent CEM,2,16,5139502.550450233,171189.3734479792,5310691.923898212,5139502.550450233
Independent CEM,2,17,5133940.110080303,170410.8458256359,5304350.9559059385,5133940.110080303
Independent CEM,2,18,5154486.112371112,175072.2594801837,5329558.371851296,5154486.112371112
Independent CEM,2,19,5172402.422216866,170488.217317829,5342890.639534695,5172402.422216866
Independent CEM,2,20,5158222.057884087,168275.77142709531,5326497.829311182,5158222.057884087
Independent CEM,2,21,5185739.581966195,162083.53051345306,5347823.112479649,5185739.581966195
Independent CEM,2,22,5170690.428874399,168102.29063407864,5338792.7195084775,5170690.428874399
Independent CEM,2,23,5151020.589303425,163674.9507591715,5314695.540062596,5151020.589303425
Independent CEM,2,24,5230072.479059761,170209.03300033396,5400281.512060096,5230072.479059761
Independent CEM,2,25,5175802.4127186565,162581.5787602511,5338383.991478908,5175802.4127186565
Independent CEM,2,26,5194313.65270711,167978.30524123082,5362291.957948341,5194313.65270711
Independent CEM,2,27,5222601.419187668,162538.32870322248,5385139.747890891,5222601.419187668
Independent CEM,2,28,5216656.212357606,159016.85228675592,5375673.064644362,5216656.212357606
Independent CEM,2,29,5234749.0302500995,157369.5827412198,5392118.612991319,5234749.0302500995
Independent CEM,2,30,5222714.188435268,156751.6670917079,5379465.855526975,5222714.188435268
Independent CEM,2,31,5214071.755046685,157484.83751170052,5371556.592558386,5214071.755046685
Independent CEM,2,32,5221481.641361283,157543.1897981172,5379024.831159401,5221481.641361283
Independent CEM,2,33,5200814.175414762,155661.32123923683,5356475.496653999,5200814.175414762
Independent CEM,2,34,5206041.063130904,161686.04562599174,5367727.108756896,5206041.063130904
Independent CEM,2,35,5232901.749279486,160878.897346488,5393780.646625974,5232901.749279486
Independent CEM,2,36,5210567.29070823,157622.4190669771,5368189.709775207,5210567.29070823
Independent CEM,2,37,5189705.809659149,158643.85319302874,5348349.662852177,5189705.809659149
Independent CEM,2,38,5225530.005296203,161447.20903049223,5386977.214326696,5225530.005296203
Independent CEM,2,39,5220010.689134731,157804.73570820203,5377815.424842933,5220010.689134731
Independent CEM,2,40,5216558.295701318,159848.359532263,5376406.655233582,5216558.295701318
Independent CEM,2,41,5223774.258822157,153687.46934193687,5377461.728164094,5223774.258822157
Independent CEM,2,42,5234900.205633912,150950.36354528661,5385850.569179199,5234900.205633912
Independent CEM,2,43,5216026.300097778,154313.4872640311,5370339.78736181,5216026.300097778
Independent CEM,2,44,5202422.6565192565,154722.8597284304,5357145.516247687,5202422.6565192565
Independent CEM,2,45,5253732.68150004,157114.20725597226,5410846.888756013,5253732.68150004
Independent CEM,2,46,5220748.613666871,157352.43121841774,5378101.044885288,5220748.613666871
Independent CEM,2,47,5203016.0373717155,156120.41750365778,5359136.454875373,5203016.0373717155
Independent CEM,2,48,5194124.229198577,157639.5421592019,5351763.771357778,5194124.229198577
Independent CEM,2,49,5247436.58064327,157419.13587804872,5404855.716521319,5247436.58064327
Independent CEM,2,50,5222597.0384746585,150661.610712471,5373258.64918713,5222597.0384746585
Independent CEM,2,51,5231820.989373781,156187.04843736542,5388008.037811146,5231820.989373781
Independent CEM,2,52,5226632.578463,154659.313288834,5381291.891751834,5226632.578463
Independent CEM,2,53,5213679.45682489,154287.53468690958,5367966.9915118,5213679.45682489
Independent CEM,2,54,5223813.718984116,151870.3055782317,5375684.024562348,5223813.718984116
Independent CEM,2,55,5239714.956728363,154270.24029621136,5393985.1970245745,5239714.956728363
Independent CEM,2,56,5227450.825762343,150524.2906803045,5377975.116442647,5227450.825762343
Independent CEM,2,57,5216457.0741687715,155715.8979850388,5372172.972153811,5216457.0741687715
Independent CEM,2,58,5222295.887618372,152622.72917089015,5374918.616789263,5222295.887618372
Independent CEM,2,59,5187177.319864198,153477.06944947262,5340654.38931367,5187177.319864198
Independent CEM,2,60,5218151.954628749,152661.5977380708,5370813.552366819,5218151.954628749
Independent CEM,2,61,5259688.968984679,151572.79861903773,5411261.767603717,5259688.968984679
Independent CEM,2,62,5234410.332652542,151115.5739920849,5385525.9066446265,5234410.332652542
Independent CEM,2,63,5216244.16935108,154121.78725100096,5370365.956602082,5216244.16935108
Independent CEM,2,64,5231150.075699752,153745.9652770884,5384896.040976841,5231150.075699752
Independent CEM,2,65,5221760.825517907,152243.57003821735,5374004.395556124,5221760.825517907
Independent CEM,2,66,5211112.974228098,154488.50367262913,5365601.477900727,5211112.974228098
Independent CEM,2,67,5218369.349263232,151615.20746708132,5369984.556730313,5218369.349263232
Independent CEM,2,68,5217517.362701982,155094.20588876342,5372611.568590745,5217517.362701982
Independent CEM,2,69,5205094.450709853,158435.32772138988,5363529.778431243,5205094.450709853
Independent CEM,2,70,5242164.248723877,157076.08855750642,5399240.337281383,5242164.248723877
Independent CEM,2,71,5247572.433188228,156233.04499655648,5403805.478184785,5247572.433188228
Independent CEM,2,72,5224071.560060397,153499.17064717837,5377570.730707576,5224071.560060397
Independent CEM,2,73,5290947.26296344,159437.01036344765,5450384.273326888,5290947.26296344
Independent CEM,2,74,5260866.559630763,162178.86708149512,5423045.426712258,5260866.559630763
Independent CEM,2,75,5229640.008149818,164742.84040244785,5394382.848552265,5229640.008149818
Independent CEM,2,76,5232076.460676969,161281.74837367595,5393358.209050645,5232076.460676969
Independent CEM,2,77,5254266.926868172,160198.82679202547,5414465.753660198,5254266.926868172
Independent CEM,2,78,5244023.196123289,165787.00368091124,5409810.1998042,5244023.196123289
Independent CEM,2,79,5232312.004700876,162633.12602281335,5394945.130723689,5232312.004700876
Independent CEM,2,80,5250847.546707434,164115.80466878557,5414963.35137622,5250847.546707434
Independent CEM,2,81,5240845.638537949,164671.56347246925,5405517.202010418,5240845.638537949
Independent CEM,2,82,5246521.018140058,159003.56244171516,5405524.580581773,5246521.018140058
Independent CEM,2,83,5259597.154677146,159296.0948837803,5418893.249560926,5259597.154677146
Independent CEM,2,84,5243695.637783469,163208.18477610828,5406903.822559577,5243695.637783469
Independent CEM,2,85,5223774.753710519,154618.5977538001,5378393.351464319,5223774.753710519
Independent CEM,2,86,5226309.222402479,152989.87451145524,5379299.096913934,5226309.222402479
Independent CEM,2,87,5259072.452041786,154368.88871058234,5413441.340752369,5259072.452041786
Independent CEM,2,88,5221348.174830439,158764.9603952043,5380113.1352256425,5221348.174830439
Independent CEM,2,89,5243144.320396978,158493.8346239646,5401638.155020943,5243144.320396978
Independent CEM,2,90,5221017.808784734,160882.74799707427,5381900.556781809,5221017.808784734
Independent CEM,2,91,5206311.190435008,158817.74324943125,5365128.933684439,5206311.190435008
Independent CEM,2,92,5232371.182691114,159588.2865124769,5391959.469203591,5232371.182691114
Independent CEM,2,93,5254732.211898085,163436.0788509171,5418168.290749002,5254732.211898085
Independent CEM,2,94,5226063.201880182,163019.76978581614,5389082.971665998,5226063.201880182
Independent CEM,2,95,5239053.5763936145,161946.80789359641,5401000.384287211,5239053.5763936145
Independent CEM,2,96,5239824.1562639,167540.1678411825,5407364.324105082,5239824.1562639
Independent CEM,2,97,5231676.080539181,165513.32860417853,5397189.409143359,5231676.080539181
Independent CEM,2,98,5229550.852821685,167333.175780938,5396884.028602623,5229550.852821685
Independent CEM,2,99,5226127.161676672,168998.66343772525,5395125.825114397,5226127.161676672
Independent CEM,2,100,5227170.206003145,164877.3777916559,5392047.5837948015,5227170.206003145
Independent CEM,2,101,5230453.592494279,169582.997130511,5400036.5896247905,5230453.592494279
Independent CEM,2,102,5263363.11719242,168408.3021058537,5431771.4192982735,5263363.11719242
Independent CEM,2,103,5227486.214642095,167005.86795035776,5394492.082592453,5227486.214642095
Independent CEM,2,104,5213349.683873157,169435.30100927598,5382784.984882433,5213349.683873157
Independent CEM,2,105,5226488.841148541,163177.13998479102,5389665.9811333325,5226488.841148541
Independent CEM,2,106,5223162.19448007,162779.11514345827,5385941.309623528,5223162.19448007
Independent CEM,2,107,5194558.495924652,161410.6909572232,5355969.186881875,5194558.495924652
Independent CEM,2,108,5199208.472605633,159885.35294065895,5359093.825546292,5199208.472605633
Independent CEM,2,109,5210343.021519538,165010.7212782,5375353.742797738,5210343.021519538
Independent CEM,2,110,5202558.594757293,157592.5584480947,5360151.153205388,5202558.594757293
Independent CEM,2,111,5239030.27315324,162198.5686631092,5401228.841816349,5239030.27315324
Independent CEM,2,112,5220587.7438374795,162568.32840258736,5383156.072240067,5220587.7438374795
Independent CEM,2,113,5202825.221293923,164096.4952763578,5366921.716570281,5202825.221293923
Independent CEM,2,114,5227304.5737457415,161711.62632327748,5389016.200069019,5227304.5737457415
Independent CEM,2,115,5180960.56564867,165508.1584013215,5346468.724049992,5180960.56564867
Independent CEM,2,116,5213001.700738774,161433.08882677605,5374434.78956555,5213001.700738774
Independent CEM,2,117,5158736.7569488315,161341.50502079804,5320078.26196963,5158736.7569488315
Independent CEM,2,118,5188326.068727376,158664.03822175536,5346990.106949131,5188326.068727376
Independent CEM,2,119,5199162.915214909,161879.42216753747,5361042.337382447,5199162.915214909
Independent CEM,2,120,5186755.563424089,157808.16280316058,5344563.72622725,5186755.563424089
Independent CEM,2,121,5208194.061012178,155697.01656466478,5363891.077576842,5208194.061012178
Independent CEM,2,122,5217141.345766889,155011.87854438255,5372153.224311272,5217141.345766889
Independent CEM,2,123,5204114.285427437,159551.6046010413,5363665.890028479,5204114.285427437
Independent CEM,2,124,5189547.93820693,161381.1178046961,5350929.056011626,5189547.93820693
Independent CEM,2,125,5198475.353590111,159698.15657474092,5358173.510164852,5198475.353590111
Independent CEM,2,126,5215491.765853583,164803.47586080214,5380295.241714385,5215491.765853583
Independent CEM,2,127,5221518.407145945,157976.9284300741,5379495.335576019,5221518.407145945
Independent CEM,2,128,5208899.3658777485,156699.05235866655,5365598.418236415,5208899.3658777485
Independent CEM,2,129,5221248.941807636,155539.4432233949,5376788.3850310305,5221248.941807636
Independent CEM,2,130,5195377.703884447,159589.86407750624,5354967.567961954,5195377.703884447
Independent CEM,2,131,5217499.89027526,161423.58867214207,5378923.478947403,5217499.89027526
Independent CEM,2,132,5216091.6074397685,166503.16167098645,5382594.769110755,5216091.6074397685
Independent CEM,2,133,5228596.704219849,172956.62119467702,5401553.325414526,5228596.704219849
Independent CEM,2,134,5259898.566641075,173254.80626491306,5433153.372905987,5259898.566641075
Independent CEM,2,135,5214431.51228025,173798.75725628235,5388230.269536532,5214431.51228025
Independent CEM,2,136,5210335.030134325,170425.58026313304,5380760.610397458,5210335.030134325
Independent CEM,2,137,5221260.024597898,165976.34732372372,5387236.371921622,5221260.024597898
Multivariate CEM,4,1,3772913.431411519,308252.5454075513,4081165.9768190705,3772913.431411519
Multivariate CEM,4,2,4119644.469150024,264650.02555003803,4384294.494700062,4119644.469150024
Multivariate CEM,4,3,4408104.2835551435,247044.502727377,4655148.786282521,4408104.2835551435
Multivariate CEM,4,4,4639619.031129631,219339.48720418444,4858958.518333816,4639619.031129631
Multivariate CEM,4,5,4770038.674840452,216966.3432096823,4987005.018050134,4770038.674840452
Multivariate CEM,4,6,4842196.568377145,197412.7272302799,5039609.295607424,4842196.568377145
Multivariate CEM,4,7,4939176.890091317,195400.590172748,5134577.480264065,4939176.890091317
Multivariate CEM,4,8,5013977.36627365,186153.4255029571,5200130.791776607,5013977.36627365
Multivariate CEM,4,9,4980761.261203245,184718.82600557277,5165480.087208818,4980761.261203245
Multivariate CEM,4,10,5040457.846964894,180743.6692630832,5221201.516227977,5040457.846964894
Multivariate CEM,4,11,5076932.133742496,171381.3441079686,5248313.477850465,5076932.133742496
Multivariate CEM,4,12,5087871.48094238,170834.62688579963,5258706.107828179,5087871.48094238
Multivariate CEM,4,13,5085850.820767992,175691.95739827747,5261542.77816627,5085850.820767992
Multivariate CEM,4,14,5095768.795169355,170391.5141831591,5266160.309352514,5095768.795169355
Multivariate CEM,4,15,5124117.939703785,173682.22657827803,5297800.166282063,5124117.939703785
Multivariate CEM,4,16,5143446.989461968,177109.9220227371,5320556.911484705,5143446.989461968
Multivariate CEM,4,17,5122152.120764341,172703.4259330878,5294855.546697429,5122152.120764341
Multivariate CEM,4,18,5148326.888368434,167812.03884313768,5316138.9272115715,5148326.888368434
Multivariate CEM,4,19,5187144.044223065,169192.4939362685,5356336.538159333,5187144.044223065
Multivariate CEM,4,20,5152119.761151859,163604.96009048654,5315724.721242345,5152119.761151859
Multivariate CEM,4,21,5176162.671945978,166850.14180703156,5343012.81375301,5176162.671945978
Multivariate CEM,4,22,5160387.852228849,167589.0532533082,5327976.905482157,5160387.852228849
Multivariate CEM,4,23,5203146.423502216,162018.53204791012,5365164.955550126,5203146.423502216
Multivariate CEM,4,24,5181678.123445671,162590.71288929915,5344268.83633497,5181678.123445671
Multivariate CEM,4,25,5175050.901547195,169859.93053311892,5344910.832080314,5175050.901547195
Multivariate CEM,4,26,5227561.087067693,162411.74528260663,5389972.832350299,5227561.087067693
Multivariate CEM,4,27,5193280.949892438,158136.18914862245,5351417.139041061,5193280.949892438
Multivariate CEM,4,28,5189468.284047727,157982.55394846073,5347450.837996188,5189468.284047727
Multivariate CEM,4,29,5201623.997219336,154779.46034124764,5356403.457560584,5201623.997219336
Multivariate CEM,4,30,5209214.771951501,159758.77415882645,5368973.546110327,5209214.771951501
Multivariate CEM,4,31,5196584.343043596,157169.46544563875,5353753.808489234,5196584.343043596
Multivariate CEM,4,32,5222299.564015111,149252.04835729735,5371551.612372409,5222299.564015111
Multivariate CEM,4,33,5195011.819999497,155089.27975418066,5350101.099753678,5195011.819999497
Multivariate CEM,4,34,5176068.578454642,148152.2445582051,5324220.8230128465,5176068.578454642
Multivariate CEM,4,35,5182454.618942173,148812.8091844519,5331267.428126625,5182454.618942173
Multivariate CEM,4,36,5222486.511317809,151930.98807770255,5374417.499395512,5222486.511317809
Multivariate CEM,4,37,5234387.512714163,153369.03734936265,5387756.550063526,5234387.512714163
Multivariate CEM,4,38,5206646.471752585,156994.7341608606,5363641.205913446,5206646.471752585
Multivariate CEM,4,39,5201820.546073746,152441.876077001,5354262.422150747,5201820.546073746
Multivariate CEM,4,40,5210213.225804949,163105.84058011338,5373319.066385062,5210213.225804949
Multivariate CEM,4,41,5194814.174790977,162668.20764400187,5357482.382434978,5194814.174790977
Multivariate CEM,4,42,5220334.378477701,156316.70285276134,5376651.081330462,5220334.378477701
Multivariate CEM,4,43,5187614.678727297,159107.18906372346,5346721.86779102,5187614.678727297
Multivariate CEM,4,44,5205235.724291584,162001.24936929467,5367236.973660879,5205235.724291584
Multivariate CEM,4,45,5190275.752656258,160681.148244795,5350956.900901053,5190275.752656258
Multivariate CEM,4,46,5206195.948383098,161880.64898211666,5368076.5973652145,5206195.948383098
Multivariate CEM,4,47,5199307.203781081,160499.61062676224,5359806.814407843,5199307.203781081
Multivariate CEM,4,48,5185099.469359262,164727.64880226596,5349827.118161527,5185099.469359262
Multivariate CEM,4,49,5175560.078023775,157418.8573468044,5332978.935370579,5175560.078023775
Multivariate CEM,4,50,5190454.16353319,162348.4925083932,5352802.656041583,5190454.16353319
Multivariate CEM,4,51,5187614.962247213,160575.61319431677,5348190.57544153,5187614.962247213
Multivariate CEM,4,52,5177853.115603654,157769.45049586924,5335622.566099523,5177853.115603654
Multivariate CEM,4,53,5178776.516789054,166809.31442501428,5345585.8312140675,5178776.516789054
Multivariate CEM,4,54,5225857.315670948,164280.44692963536,5390137.762600583,5225857.315670948
Multivariate CEM,4,55,5214136.712749068,165168.41868040757,5379305.131429475,5214136.712749068
Multivariate CEM,4,56,5210387.067897485,160765.40826452494,5371152.47616201,5210387.067897485
Multivariate CEM,4,57,5175058.6417420935,156557.14554144692,5331615.787283541,5175058.6417420935
Multivariate CEM,4,58,5171070.013023808,160213.40026183007,5331283.413285637,5171070.013023808
Multivariate CEM,4,59,5180385.643595667,157340.18759590984,5337725.831191576,5180385.643595667
Multivariate CEM,4,60,5188685.49809167,160044.7190046923,5348730.217096362,5188685.49809167
Multivariate CEM,4,61,5215559.030567802,159758.73707121136,5375317.767639013,5215559.030567802
Multivariate CEM,4,62,5173629.796277801,162308.38762749298,5335938.183905293,5173629.796277801
Multivariate CEM,4,63,5212744.58563437,164043.52042350182,5376788.106057872,5212744.58563437
Multivariate CEM,4,64,5214302.191719157,159352.30095325355,5373654.49267241,5214302.191719157
Multivariate CEM,4,65,5180984.4630695125,166414.79710323937,5347399.260172752,5180984.4630695125
Multivariate CEM,4,66,5208747.026718596,167356.36264382585,5376103.389362422,5208747.026718596
Multivariate CEM,4,67,5220848.540247245,170655.38183949425,5391503.922086739,5220848.540247245
Multivariate CEM,4,68,5186543.022375267,168455.46100108372,5354998.48337635,5186543.022375267
Multivariate CEM,4,69,5249681.039647971,159975.3717692522,5409656.4114172235,5249681.039647971
Multivariate CEM,4,70,5205758.664727316,155606.48062385735,5361365.145351173,5205758.664727316
Multivariate CEM,4,71,5232799.508448878,164174.30516666223,5396973.813615541,5232799.508448878
Multivariate CEM,4,72,5215278.583121312,154604.54266731918,5369883.125788631,5215278.583121312
Multivariate CEM,4,73,5236549.960554637,152176.29635276954,5388726.256907406,5236549.960554637
Multivariate CEM,4,74,5225446.938532306,153555.61407410374,5379002.552606409,5225446.938532306
Multivariate CEM,4,75,5267127.536036584,155175.78855207667,5422303.32458866,5267127.536036584
Multivariate CEM,4,76,5214908.604727301,158195.86021241677,5373104.464939717,5214908.604727301
Multivariate CEM,4,77,5188125.026085648,158670.1709845109,5346795.197070159,5188125.026085648
Multivariate CEM,4,78,5211440.161407824,148598.5762363753,5360038.737644199,5211440.161407824
Multivariate CEM,4,79,5260240.600997202,149374.78413010182,5409615.385127304,5260240.600997202
Multivariate CEM,4,80,5227965.009920599,150381.6696951312,5378346.67961573,5227965.009920599
Multivariate CEM,4,81,5245116.447121632,153896.22143418784,5399012.66855582,5245116.447121632
Multivariate CEM,4,82,5244674.733928519,153736.46138957655,5398411.195318095,5244674.733928519
Multivariate CEM,4,83,5238866.247873142,153242.5678305287,5392108.815703671,5238866.247873142
Multivariate CEM,4,84,5244425.287946674,155771.90963385167,5400197.197580526,5244425.287946674
Multivariate CEM,4,85,5250191.58546167,156445.90300239946,5406637.488464069,5250191.58546167
Multivariate CEM,4,86,5217587.905081367,155996.06706807335,5373583.97214944,5217587.905081367
Multivariate CEM,4,87,5244740.002541462,155383.76334714144,5400123.765888603,5244740.002541462
Multivariate CEM,4,88,5247322.083839638,154541.24866392766,5401863.332503566,5247322.083839638
Multivariate CEM,4,89,5224988.039851648,157684.0786704268,5382672.118522075,5224988.039851648
Multivariate CEM,4,90,5203812.617680246,156232.6922223368,5360045.309902583,5203812.617680246
Multivariate CEM,4,91,5245934.942244009,157494.3892449526,5403429.331488961,5245934.942244009
Multivariate CEM,4,92,5215248.688966163,157856.1850623254,5373104.874028489,5215248.688966163
Multivariate CEM,4,93,5217906.584095786,152137.5492889995,5370044.133384786,5217906.584095786
Multivariate CEM,4,94,5212154.912537053,150826.48344805915,5362981.3959851125,5212154.912537053
Multivariate CEM,4,95,5188250.239576525,152854.0597933828,5341104.299369908,5188250.239576525
Multivariate CEM,4,96,5218058.923193256,150529.05505414252,5368587.9782473985,5218058.923193256
Multivariate CEM,4,97,5234375.978364919,155406.73873731913,5389782.717102239,5234375.978364919
Multivariate CEM,4,98,5191847.197878572,153558.5055256371,5345405.70340421,5191847.197878572
Multivariate CEM,4,99,5220875.799367708,147350.79827418493,5368226.597641893,5220875.799367708
Multivariate CEM,4,100,5210305.124741773,150571.92701168172,5360877.051753455,5210305.124741773
Multivariate CEM,4,101,5223032.22367509,148823.45942693693,5371855.683102027,5223032.22367509
Multivariate CEM,4,102,5214187.438087783,147391.04428492818,5361578.482372711,5214187.438087783
Multivariate CEM,4,103,5214775.894292384,146007.21979413467,5360783.114086519,5214775.894292384
Multivariate CEM,4,104,5203148.26176541,147909.84731345676,5351058.109078867,5203148.26176541
Multivariate CEM,4,105,5233092.592111123,148940.19369973516,5382032.785810858,5233092.592111123
Multivariate CEM,4,106,5254100.90543862,149094.08266054993,5403194.98809917,5254100.90543862
Multivariate CEM,4,107,5237121.906515291,146218.6490782052,5383340.555593496,5237121.906515291
Multivariate CEM,4,108,5217804.759982044,156441.0312259188,5374245.791207963,5217804.759982044
Multivariate CEM,4,109,5225326.624391889,147270.8882957076,5372597.5126875965,5225326.624391889
Multivariate CEM,4,110,5234159.754330028,147732.0654841302,5381891.819814158,5234159.754330028
Multivariate CEM,4,111,5232532.220943629,148036.23859434147,5380568.45953797,5232532.220943629
Multivariate CEM,4,112,5226458.3812128585,152199.82926531887,5378658.210478177,5226458.3812128585
Multivariate CEM,4,113,5232978.671218779,152555.97718755703,5385534.648406336,5232978.671218779
Multivariate CEM,4,114,5226638.110057649,153194.41634571578,5379832.526403365,5226638.110057649
Multivariate CEM,4,115,5214158.474156403,146009.71552972274,5360168.189686126,5214158.474156403
Multivariate CEM,4,116,5199925.691269757,146435.36860447354,5346361.059874231,5199925.691269757
Multivariate CEM,4,117,5271608.731532252,144743.16429471262,5416351.895826965,5271608.731532252
Multivariate CEM,4,118,5252844.963606383,148454.57821909472,5401299.541825477,5252844.963606383
Multivariate CEM,4,119,5246389.82041275,144034.65163779486,5390424.472050545,5246389.82041275
Multivariate CEM,4,120,5239214.758233422,153567.70188787265,5392782.460121295,5239214.758233422
Multivariate CEM,4,121,5241231.635040514,150523.99675309984,5391755.6317936145,5241231.635040514
Multivariate CEM,4,122,5250263.69989764,150530.19884463405,5400793.898742274,5250263.69989764
Multivariate CEM,4,123,5238755.065003127,150611.32083604907,5389366.385839176,5238755.065003127
Multivariate CEM,4,124,5259633.117642336,147683.51615046605,5407316.633792802,5259633.117642336
Multivariate CEM,4,125,5215885.501884314,146811.7031075975,5362697.204991912,5215885.501884314
Multivariate CEM,4,126,5214665.452899633,149854.3331233836,5364519.786023017,5214665.452899633
Multivariate CEM,4,127,5271280.003615448,146161.57618827917,5417441.579803728,5271280.003615448
Multivariate CEM,4,128,5250279.461691751,155051.98975431922,5405331.45144607,5250279.461691751
Multivariate CEM,4,129,5250423.345621249,149456.6856408231,5399880.031262072,5250423.345621249
Multivariate CEM,4,130,5230631.70179043,150990.13330446166,5381621.8350948915,5230631.70179043
Multivariate CEM,4,131,5215765.417995606,147239.6100607309,5363005.028056337,5215765.417995606
Multivariate CEM,4,132,5243564.328465491,151755.45842852164,5395319.786894012,5243564.328465491
Multivariate CEM,4,133,5223321.010113639,149258.38461196018,5372579.394725599,5223321.010113639
Multivariate CEM,4,134,5235991.538677707,148004.64818597457,5383996.186863682,5235991.538677707
Multivariate CEM,4,135,5242514.796344364,157070.93580329718,5399585.732147661,5242514.796344364
Multivariate CEM,4,136,5223565.588367589,154063.80252948287,5377629.390897072,5223565.588367589
Multivariate CEM,4,137,5188863.46031069,145771.8069832573,5334635.267293948,5188863.46031069
Independent CEM,4,1,3815077.026045402,316063.1783047391,4131140.2043501413,3815077.026045402
Independent CEM,4,2,4153688.6403225083,278362.531364509,4432051.171687017,4153688.6403225083
Independent CEM,4,3,4466960.363691714,246982.4886876837,4713942.8523793975,4466960.363691714
Independent CEM,4,4,4627581.6274316795,229057.69853696512,4856639.325968645,4627581.6274316795
Independent CEM,4,5,4744887.631653285,211538.48008212223,4956426.111735407,4744887.631653285
Independent CEM,4,6,4811867.8808754375,201644.27106952178,5013512.15194496,4811867.8808754375
Independent CEM,4,7,4950889.046841124,204185.58054402977,5155074.627385153,4950889.046841124
Independent CEM,4,8,4975679.637331955,194514.53070732002,5170194.168039275,4975679.637331955
Independent CEM,4,9,5064110.902157026,188312.02732824336,5252422.92948527,5064110.902157026
Independent CEM,4,10,5045143.379791071,197039.5451301579,5242182.924921229,5045143.379791071
Independent CEM,4,11,5038039.398097541,184027.98379103938,5222067.3818885805,5038039.398097541
Independent CEM,4,12,5112147.79360856,191656.69455803267,5303804.488166593,5112147.79360856
Independent CEM,4,13,5111605.360716461,188742.77893716606,5300348.139653627,5111605.360716461
Independent CEM,4,14,5110915.128311418,185390.55743373328,5296305.685745152,5110915.128311418
Independent CEM,4,15,5163055.975324858,188321.89932429424,5351377.874649152,5163055.975324858
Independent CEM,4,16,5165861.535542542,183161.65122459523,5349023.186767138,5165861.535542542
Independent CEM,4,17,5165343.774147108,182617.6628093646,5347961.436956473,5165343.774147108
Independent CEM,4,18,5183610.834079891,182842.18449844568,5366453.0185783375,5183610.834079891
Independent CEM,4,19,5173169.018148483,178082.69760047484,5351251.715748957,5173169.018148483
Independent CEM,4,20,5195638.06039052,175523.06350165192,5371161.123892172,5195638.06039052
Independent CEM,4,21,5195325.380091287,171150.37786812423,5366475.7579594115,5195325.380091287
Independent CEM,4,22,5207452.704997762,166741.30819059387,5374194.013188356,5207452.704997762
Independent CEM,4,23,5226549.393166686,165935.517513242,5392484.910679928,5226549.393166686
Independent CEM,4,24,5166728.652931731,162618.77674554227,5329347.429677273,5166728.652931731
Independent CEM,4,25,5204872.7276426945,161484.5525438379,5366357.280186532,5204872.7276426945
Independent CEM,4,26,5178196.780539779,159014.6624733159,5337211.443013095,5178196.780539779
Independent CEM,4,27,5243019.458672062,161599.3106574732,5404618.769329535,5243019.458672062
Independent CEM,4,28,5242382.233614634,162627.79382372845,5405010.027438362,5242382.233614634
Independent CEM,4,29,5178781.597791606,164379.14419828122,5343160.741989886,5178781.597791606
Independent CEM,4,30,5213411.174625487,159531.5608819242,5372942.735507411,5213411.174625487
Independent CEM,4,31,5157771.358453802,155467.0139466975,5313238.372400499,5157771.358453802
Independent CEM,4,32,5246829.473434884,154533.24008412057,5401362.713519005,5246829.473434884
Independent CEM,4,33,5206226.033394183,159980.41051074647,5366206.44390493,5206226.033394183
Independent CEM,4,34,5173661.886553269,154290.63819399723,5327952.524747266,5173661.886553269
Independent CEM,4,35,5216185.595067972,156213.4657712069,5372399.060839179,5216185.595067972
Independent CEM,4,36,5219156.201274904,152401.69882268735,5371557.900097592,5219156.201274904
Independent CEM,4,37,5196670.501633149,156897.54146610378,5353568.0430992525,5196670.501633149
Independent CEM,4,38,5261876.474393269,153352.5198177146,5415228.994210984,5261876.474393269
Independent CEM,4,39,5247690.542948928,156633.62909345538,5404324.172042383,5247690.542948928
Independent CEM,4,40,5263888.322442978,155326.89577629342,5419215.218219271,5263888.322442978
Independent CEM,4,41,5215903.257125904,155498.6787428578,5371401.9358687615,5215903.257125904
Independent CEM,4,42,5221407.021747553,149947.54086181824,5371354.562609371,5221407.021747553
Independent CEM,4,43,5217543.255578398,144887.96767713598,5362431.223255534,5217543.255578398
Independent CEM,4,44,5209646.490307527,147572.78624884467,5357219.276556372,5209646.490307527
Independent CEM,4,45,5230917.2605413,149317.0928621279,5380234.353403429,5230917.2605413
Independent CEM,4,46,5231827.841186517,145153.2196447541,5376981.060831271,5231827.841186517
Independent CEM,4,47,5223248.409053305,150899.38522773018,5374147.794281036,5223248.409053305
Independent CEM,4,48,5223271.435159703,148784.9512281056,5372056.386387808,5223271.435159703
Independent CEM,4,49,5258188.588256108,150574.23372385596,5408762.821979963,5258188.588256108
Independent CEM,4,50,5237499.257849723,150794.20084763938,5388293.458697363,5237499.257849723
Independent CEM,4,51,5217789.776407612,150030.8969400225,5367820.673347634,5217789.776407612
Independent CEM,4,52,5227964.785736756,150622.79949803068,5378587.585234787,5227964.785736756
Independent CEM,4,53,5227737.308973999,156144.26648239236,5383881.575456391,5227737.308973999
Independent CEM,4,54,5254277.707996955,149967.53436271686,5404245.242359672,5254277.707996955
Independent CEM,4,55,5228573.584445988,155224.71830384317,5383798.302749831,5228573.584445988
Independent CEM,4,56,5207661.748322366,150504.96333436924,5358166.711656735,5207661.748322366
Independent CEM,4,57,5261797.920507431,152493.705877716,5414291.626385147,5261797.920507431
Independent CEM,4,58,5270787.626691994,153976.06027074266,5424763.686962737,5270787.626691994
Independent CEM,4,59,5254578.6674482105,146702.50151596195,5401281.168964173,5254578.6674482105
Independent CEM,4,60,5239971.787492771,154789.10922569758,5394760.8967184685,5239971.787492771
Independent CEM,4,61,5244657.566344915,156992.56328047678,5401650.129625392,5244657.566344915
Independent CEM,4,62,5234373.543427891,152690.08826808952,5387063.63169598,5234373.543427891
Independent CEM,4,63,5273420.729642985,153800.83576340476,5427221.5654063905,5273420.729642985
Independent CEM,4,64,5228028.141907085,156247.56180457707,5384275.7037116615,5228028.141907085
Independent CEM,4,65,5256369.377579697,154775.83255480503,5411145.2101345025,5256369.377579697
Independent CEM,4,66,5221236.998399433,154247.73874221405,5375484.737141646,5221236.998399433
Independent CEM,4,67,5222438.448477933,150276.07237261385,5372714.520850547,5222438.448477933
Independent CEM,4,68,5252144.335062691,156228.93892265233,5408373.273985343,5252144.335062691
Independent CEM,4,69,5242167.534798582,158969.59036720116,5401137.125165783,5242167.534798582
Independent CEM,4,70,5229767.07008682,160051.70113230706,5389818.771219127,5229767.07008682
Independent CEM,4,71,5249894.313943086,153955.6885277464,5403850.002470832,5249894.313943086
Independent CEM,4,72,5269855.454001814,154842.91189089604,5424698.36589271,5269855.454001814
Independent CEM,4,73,5257714.683666284,155348.0653357161,5413062.749002,5257714.683666284
Independent CEM,4,74,5266190.550918745,159939.72271090533,5426130.2736296505,5266190.550918745
Independent CEM,4,75,5284998.274003729,161332.35403504377,5446330.628038773,5284998.274003729
Independent CEM,4,76,5269988.008524914,159656.71914524896,5429644.727670163,5269988.008524914
Independent CEM,4,77,5259517.804421055,157791.59033578046,5417309.394756836,5259517.804421055
Independent CEM,4,78,5205446.080343139,160815.96155361325,5366262.041896753,5205446.080343139
Independent CEM,4,79,5267563.6075895615,159285.5791556907,5426849.186745252,5267563.6075895615
Independent CEM,4,80,5230011.008328004,157059.59845405738,5387070.606782061,5230011.008328004
Independent CEM,4,81,5252856.123641691,161218.90634358095,5414075.029985272,5252856.123641691
Independent CEM,4,82,5234914.738020719,160203.94083834047,5395118.67885906,5234914.738020719
Independent CEM,4,83,5237625.95131456,163069.79693280815,5400695.748247368,5237625.95131456
Independent CEM,4,84,5230850.595862202,155541.80582333883,5386392.4016855415,5230850.595862202
Independent CEM,4,85,5260705.195152167,155986.8067613383,5416692.001913506,5260705.195152167
Independent CEM,4,86,5225790.709809953,156832.71629424137,5382623.4261041945,5225790.709809953
Independent CEM,4,87,5246486.854720861,153092.0026443791,5399578.857365239,5246486.854720861
Independent CEM,4,88,5253732.211935129,162916.1623381119,5416648.374273241,5253732.211935129
Independent CEM,4,89,5241380.69986803,157826.9130213079,5399207.612889338,5241380.69986803
Independent CEM,4,90,5271428.006308883,156577.06018296842,5428005.066491852,5271428.006308883
Independent CEM,4,91,5283933.013053837,152210.1650868957,5436143.178140733,5283933.013053837
Independent CEM,4,92,5268091.5660681315,151897.10967465697,5419988.675742788,5268091.5660681315
Independent CEM,4,93,5241291.100078103,152276.32845960528,5393567.428537709,5241291.100078103
Independent CEM,4,94,5241870.705753157,158009.9011081812,5399880.606861338,5241870.705753157
Independent CEM,4,95,5247445.977861082,156607.4874286148,5404053.465289697,5247445.977861082
Independent CEM,4,96,5253379.064024102,155669.57368677988,5409048.637710881,5253379.064024102
Independent CEM,4,97,5227174.10490848,151998.8218198999,5379172.92672838,5227174.10490848
Independent CEM,4,98,5228560.341978926,157572.23189642548,5386132.573875352,5228560.341978926
Independent CEM,4,99,5223632.704943071,154385.01117451795,5378017.716117589,5223632.704943071
Independent CEM,4,100,5225982.743244317,159145.97688446456,5385128.720128782,5225982.743244317
Independent CEM,4,101,5224861.222937944,157352.72816614888,5382213.951104093,5224861.222937944
Independent CEM,4,102,5258365.27332715,151624.03751484604,5409989.310841996,5258365.27332715
Independent CEM,4,103,5263751.011057452,153999.04686757002,5417750.057925022,5263751.011057452
Independent CEM,4,104,5260223.440747667,152992.32083410953,5413215.761581777,5260223.440747667
Independent CEM,4,105,5249835.594616556,157453.93195917,5407289.5265757255,5249835.594616556
Independent CEM,4,106,5245066.416600828,155194.1717458479,5400260.588346676,5245066.416600828
Independent CEM,4,107,5244921.800052309,157857.89354583807,5402779.6935981475,5244921.800052309
Independent CEM,4,108,5237529.743603174,159521.4369752677,5397051.180578441,5237529.743603174
Independent CEM,4,109,5231456.000980675,159085.7493407517,5390541.750321427,5231456.000980675
Independent CEM,4,110,5276673.146506895,161912.7505310952,5438585.89703799,5276673.146506895
Independent CEM,4,111,5219357.882032719,161972.74868915102,5381330.630721871,5219357.882032719
Independent CEM,4,112,5254846.190057423,158418.46686811926,5413264.656925542,5254846.190057423
Independent CEM,4,113,5267100.535740203,159979.40507901242,5427079.940819216,5267100.535740203
Independent CEM,4,114,5237615.421282946,165795.4174385592,5403410.838721505,5237615.421282946
Independent CEM,4,115,5273562.616916874,163622.23542732812,5437184.852344203,5273562.616916874
Independent CEM,4,116,5249899.013861465,159416.56723280167,5409315.581094267,5249899.013861465
Independent CEM,4,117,5243821.301976798,160028.3651530541,5403849.667129852,5243821.301976798
Independent CEM,4,118,5257690.081269292,161961.89439249868,5419651.975661791,5257690.081269292
Independent CEM,4,119,5274256.923565622,160190.5231655879,5434447.446731211,5274256.923565622
Independent CEM,4,120,5254726.272580964,158602.30192334135,5413328.574504305,5254726.272580964
Independent CEM,4,121,5223730.3887734525,157040.38034759104,5380770.769121043,5223730.3887734525
Independent CEM,4,122,5276568.093208915,154479.3418043724,5431047.435013287,5276568.093208915
Independent CEM,4,123,5218919.340468836,154232.82547365545,5373152.165942491,5218919.340468836
Independent CEM,4,124,5270241.192560922,158402.05320713593,5428643.245768058,5270241.192560922
Independent CEM,4,125,5239249.712848592,158988.428697692,5398238.141546284,5239249.712848592
Independent CEM,4,126,5219201.322257163,159142.78753093808,5378344.109788101,5219201.322257163
Independent CEM,4,127,5260045.336356138,160101.0049623786,5420146.341318516,5260045.336356138
Independent CEM,4,128,5261571.450969221,159248.6770970568,5420820.128066278,5261571.450969221
Independent CEM,4,129,5240517.367436509,162146.7061754362,5402664.073611945,5240517.367436509
Independent CEM,4,130,5235809.331652828,155819.92258378505,5391629.2542366125,5235809.331652828
Independent CEM,4,131,5251178.003147639,159293.74886466342,5410471.752012303,5251178.003147639
Independent CEM,4,132,5246163.857730879,163393.6656337446,5409557.523364624,5246163.857730879
Independent CEM,4,133,5226110.974819969,156318.65830026683,5382429.633120236,5226110.974819969
Independent CEM,4,134,5247206.917702818,159754.7366047105,5406961.654307528,5247206.917702818
Independent CEM,4,135,5256141.320956944,158308.57003525214,5414449.890992195,5256141.320956944
Independent CEM,4,136,5243876.478759737,156562.8655810177,5400439.344340755,5243876.478759737
Independent CEM,4,137,5244357.726819401,158390.0979699043,5402747.824789305,5244357.726819401
Multivariate CEM,5,1,3832298.113959117,307351.8744740717,4139649.9884331888,3832298.113959117
Multivariate CEM,5,2,4112085.436614866,274468.3003931944,4386553.73700806,4112085.436614866
Multivariate CEM,5,3,4501838.526642849,240422.82405535964,4742261.350698208,4501838.526642849
Multivariate CEM,5,4,4610914.155070674,231794.05354591977,4842708.208616594,4610914.155070674
Multivariate CEM,5,5,4772739.317156232,212694.671351985,4985433.988508217,4772739.317156232
Multivariate CEM,5,6,4854069.276258618,209242.82925047362,5063312.105509091,4854069.276258618
Multivariate CEM,5,7,4956512.740723192,198639.062738219,5155151.803461411,4956512.740723192
Multivariate CEM,5,8,4986746.312429499,193221.4008392332,5179967.713268732,4986746.312429499
Multivariate CEM,5,9,5047280.5321579045,182366.79702687426,5229647.329184779,5047280.5321579045
Multivariate CEM,5,10,5031863.526305575,189318.42386321994,5221181.950168795,5031863.526305575
Multivariate CEM,5,11,5099659.394515233,185090.05993452485,5284749.454449758,5099659.394515233
Multivariate CEM,5,12,5123590.183776767,181758.12652759897,5305348.310304366,5123590.183776767
Multivariate CEM,5,13,5119283.532174854,180608.88166881978,5299892.413843674,5119283.532174854
Multivariate CEM,5,14,5093925.165662061,185017.37394032508,5278942.539602387,5093925.165662061
Multivariate CEM,5,15,5113873.492495565,175545.9171027927,5289419.409598357,5113873.492495565
Multivariate CEM,5,16,5118019.63585822,176337.74745374024,5294357.38331196,5118019.63585822
Multivariate CEM,5,17,5135514.2086544875,177989.25221774334,5313503.460872231,5135514.2086544875
Multivariate CEM,5,18,5122764.334388594,176125.14863440755,5298889.483023002,5122764.334388594
Multivariate CEM,5,19,5171508.784064967,178430.04509575584,5349938.829160723,5171508.784064967
Multivariate CEM,5,20,5169154.846578736,175162.37581120274,5344317.222389938,5169154.846578736
Multivariate CEM,5,21,5166123.451461375,172481.8219912375,5338605.273452613,5166123.451461375
Multivariate CEM,5,22,5159410.488250024,182182.379020684,5341592.867270708,5159410.488250024
Multivariate CEM,5,23,5174383.963800037,173783.02031053763,5348166.984110575,5174383.963800037
Multivariate CEM,5,24,5166375.321441974,169494.95677897925,5335870.2782209525,5166375.321441974
Multivariate CEM,5,25,5189387.646976695,171865.67874594821,5361253.325722643,5189387.646976695
Multivariate CEM,5,26,5164221.194949772,168621.34815464282,5332842.543104415,5164221.194949772
Multivariate CEM,5,27,5182649.358738306,168820.0100831065,5351469.368821412,5182649.358738306
Multivariate CEM,5,28,5152643.675029335,168283.46504695094,5320927.140076285,5152643.675029335
Multivariate CEM,5,29,5192261.133553092,164684.0695467718,5356945.203099865,5192261.133553092
Multivariate CEM,5,30,5203025.90742637,171531.42390677705,5374557.331333147,5203025.90742637
Multivariate CEM,5,31,5165309.166279829,165698.7533809745,5331007.919660804,5165309.166279829
Multivariate CEM,5,32,5168530.560419594,162135.47580288377,5330666.036222477,5168530.560419594
Multivariate CEM,5,33,5168948.395028696,166030.27685709632,5334978.671885793,5168948.395028696
Multivariate CEM,5,34,5176017.6922980435,162087.70046292755,5338105.392760971,5176017.6922980435
Multivariate CEM,5,35,5203990.290991872,161084.29249720427,5365074.583489076,5203990.290991872
Multivariate CEM,5,36,5210688.015000984,167106.94490087562,5377794.95990186,5210688.015000984
Multivariate CEM,5,37,5200834.242408194,169731.02404744222,5370565.266455635,5200834.242408194
Multivariate CEM,5,38,5187738.444257414,170941.42884924373,5358679.8731066575,5187738.444257414
Multivariate CEM,5,39,5163465.349522433,166482.14000005877,5329947.489522492,5163465.349522433
Multivariate CEM,5,40,5193024.97844447,164036.20265067866,5357061.181095148,5193024.97844447
Multivariate CEM,5,41,5197788.3797527095,165142.56430622374,5362930.944058933,5197788.3797527095
Multivariate CEM,5,42,5177249.219524665,161065.31684985,5338314.536374515,5177249.219524665
Multivariate CEM,5,43,5201073.61747992,165857.40415481428,5366931.021634734,5201073.61747992
Multivariate CEM,5,44,5211779.616824023,163909.11181092585,5375688.728634949,5211779.616824023
Multivariate CEM,5,45,5199755.824066804,160847.01689422296,5360602.840961027,5199755.824066804
Multivariate CEM,5,46,5159918.8886482,155788.28983706248,5315707.178485262,5159918.8886482
Multivariate CEM,5,47,5210217.671800942,163179.64927122506,5373397.321072167,5210217.671800942
Multivariate CEM,5,48,5182581.2977710385,163036.5917143903,5345617.889485429,5182581.2977710385
Multivariate CEM,5,49,5199929.648852466,158750.96586847777,5358680.614720943,5199929.648852466
Multivariate CEM,5,50,5183233.8289925475,163509.02025805117,5346742.849250599,5183233.8289925475
Multivariate CEM,5,51,5197905.095503632,157685.72147455983,5355590.816978192,5197905.095503632
Multivariate CEM,5,52,5233329.057550321,165343.64542570163,5398672.702976023,5233329.057550321
Multivariate CEM,5,53,5229396.881147515,161599.16333872828,5390996.044486243,5229396.881147515
Multivariate CEM,5,54,5179878.934916729,157547.8526304008,5337426.78754713,5179878.934916729
Multivariate CEM,5,55,5202693.533877331,164172.95421977493,5366866.488097106,5202693.533877331
Multivariate CEM,5,56,5196709.421223966,157010.64313245667,5353720.064356423,5196709.421223966
Multivariate CEM,5,57,5207664.246488789,164457.5222920968,5372121.768780886,5207664.246488789
Multivariate CEM,5,58,5201614.386662455,163887.25600022086,5365501.642662676,5201614.386662455
Multivariate CEM,5,59,5214940.510018622,164863.03909159274,5379803.549110214,5214940.510018622
Multivariate CEM,5,60,5200703.256518471,164574.43017530048,5365277.686693772,5200703.256518471
Multivariate CEM,5,61,5198950.56017086,165581.12593693356,5364531.686107794,5198950.56017086
Multivariate CEM,5,62,5205160.876479008,166008.73126065687,5371169.607739666,5205160.876479008
Multivariate CEM,5,63,5178777.7767393505,168063.21244195043,5346840.989181301,5178777.7767393505
Multivariate CEM,5,64,5233796.630170378,161548.79774425618,5395345.427914634,5233796.630170378
Multivariate CEM,5,65,5229390.606318915,162927.5935668974,5392318.199885813,5229390.606318915
Multivariate CEM,5,66,5202667.377751632,164220.8409500264,5366888.218701658,5202667.377751632
Multivariate CEM,5,67,5210208.097949761,159371.79434426583,5369579.892294027,5210208.097949761
Multivariate CEM,5,68,5212424.322581015,157410.64509274313,5369834.967673758,5212424.322581015
Multivariate CEM,5,69,5200753.601335283,154886.1956185466,5355639.79695383,5200753.601335283
Multivariate CEM,5,70,5220290.588159542,152587.9562151208,5372878.544374662,5220290.588159542
Multivariate CEM,5,71,5230495.069988636,151779.57122586682,5382274.641214503,5230495.069988636
Multivariate CEM,5,72,5232474.198703951,153345.78231145054,5385819.981015402,5232474.198703951
Multivariate CEM,5,73,5189335.205511029,145625.48029492146,5334960.68580595,5189335.205511029
Multivariate CEM,5,74,5180002.632564092,154327.9704918784,5334330.603055971,5180002.632564092
Multivariate CEM,5,75,5198420.407785151,154879.90493196758,5353300.312717118,5198420.407785151
Multivariate CEM,5,76,5217265.037465589,151969.00056906737,5369234.038034656,5217265.037465589
Multivariate CEM,5,77,5221042.373722664,153403.28318941314,5374445.656912077,5221042.373722664
Multivariate CEM,5,78,5185721.80800661,155094.0612204403,5340815.86922705,5185721.80800661
Multivariate CEM,5,79,5214923.303920445,157865.78483865946,5372789.088759105,5214923.303920445
Multivariate CEM,5,80,5197116.955204066,161194.0101465392,5358310.965350606,5197116.955204066
Multivariate CEM,5,81,5193618.1868156325,159292.3076196021,5352910.494435235,5193618.1868156325
Multivariate CEM,5,82,5230802.081731296,162192.71420496714,5392994.795936263,5230802.081731296
Multivariate CEM,5,83,5215570.389524549,157011.05733063145,5372581.446855181,5215570.389524549
Multivariate CEM,5,84,5218238.451588407,156259.63578230728,5374498.087370714,5218238.451588407
Multivariate CEM,5,85,5210303.003992073,158377.5825672432,5368680.586559316,5210303.003992073
Multivariate CEM,5,86,5211795.178204659,161342.44873039325,5373137.626935053,5211795.178204659
Multivariate CEM,5,87,5209116.711724536,163437.49969968427,5372554.211424219,5209116.711724536
Multivariate CEM,5,88,5242343.828826074,166119.8087258436,5408463.637551917,5242343.828826074
Multivariate CEM,5,89,5256997.162042249,165792.53387038596,5422789.695912635,5256997.162042249
Multivariate CEM,5,90,5195047.125667943,164410.41299655216,5359457.538664495,5195047.125667943
Multivariate CEM,5,91,5246489.342454314,159400.79708904112,5405890.139543355,5246489.342454314
Multivariate CEM,5,92,5195310.197140556,153918.5972692556,5349228.7944098115,5195310.197140556
Multivariate CEM,5,93,5233484.358399043,155572.91353469147,5389057.271933734,5233484.358399043
Multivariate CEM,5,94,5217691.061198407,156990.94936735538,5374682.010565762,5217691.061198407
Multivariate CEM,5,95,5212943.127369828,151878.6731971103,5364821.800566938,5212943.127369828
Multivariate CEM,5,96,5228840.664663289,152311.66512110282,5381152.329784391,5228840.664663289
Multivariate CEM,5,97,5204192.542477529,152986.40202089518,5357178.9444984235,5204192.542477529
Multivariate CEM,5,98,5222040.576318442,153892.68204572363,5375933.258364165,5222040.576318442
Multivariate CEM,5,99,5234409.232522658,149652.58180559182,5384061.81432825,5234409.232522658
Multivariate CEM,5,100,5197570.924299652,149962.39520884983,5347533.319508501,5197570.924299652
Multivariate CEM,5,101,5251889.20221337,149949.45687917699,5401838.659092547,5251889.20221337
Multivariate CEM,5,102,5211097.706040351,152756.3324800516,5363854.038520402,5211097.706040351
Multivariate CEM,5,103,5250106.895358247,154122.1323797014,5404229.027737948,5250106.895358247
Multivariate CEM,5,104,5226190.848886672,157476.81275027938,5383667.661636951,5226190.848886672
Multivariate CEM,5,105,5244411.103322089,152446.70587945482,5396857.809201543,5244411.103322089
Multivariate CEM,5,106,5260898.402218841,152704.62230611488,5413603.024524956,5260898.402218841
Multivariate CEM,5,107,5200876.305067591,150971.7689537817,5351848.074021373,5200876.305067591
Multivariate CEM,5,108,5228034.164185974,151529.7035285003,5379563.867714474,5228034.164185974
Multivariate CEM,5,109,5242183.673198003,150681.7791946064,5392865.45239261,5242183.673198003
Multivariate CEM,5,110,5235552.39215545,150202.02492903775,5385754.417084487,5235552.39215545
Multivariate CEM,5,111,5224764.132391948,154037.31180570496,5378801.444197653,5224764.132391948
Multivariate CEM,5,112,5211360.956811771,150665.99369214414,5362026.950503915,5211360.956811771
Multivariate CEM,5,113,5261694.007026471,156183.45222414,5417877.459250611,5261694.007026471
Multivariate CEM,5,114,5260951.130603299,157456.9602641777,5418408.090867477,5260951.130603299
Multivariate CEM,5,115,5248320.612591592,153776.20115098043,5402096.813742572,5248320.612591592
Multivariate CEM,5,116,5240910.519156035,154172.41734529482,5395082.93650133,5240910.519156035
Multivariate CEM,5,117,5237377.857853468,153963.27378096484,5391341.131634433,5237377.857853468
Multivariate CEM,5,118,5243334.6284736255,154714.66719733257,5398049.295670958,5243334.6284736255
Multivariate CEM,5,119,5204183.360627803,152630.55344296253,5356813.9140707655,5204183.360627803
Multivariate CEM,5,120,5238414.456543393,157080.13262786946,5395494.589171262,5238414.456543393
Multivariate CEM,5,121,5231535.933008186,157096.84858676317,5388632.781594949,5231535.933008186
Multivariate CEM,5,122,5210266.914646904,161524.19678073216,5371791.111427636,5210266.914646904
Multivariate CEM,5,123,5223426.09067771,153946.100659353,5377372.191337063,5223426.09067771
Multivariate CEM,5,124,5224596.038601918,162065.85375870357,5386661.892360622,5224596.038601918
Multivariate CEM,5,125,5174796.720276081,158656.28993761737,5333453.010213698,5174796.720276081
Multivariate CEM,5,126,5209010.326911745,160598.56723529892,5369608.894147044,5209010.326911745
Multivariate CEM,5,127,5237459.93713482,163646.09945074705,5401106.0365855675,5237459.93713482
Multivariate CEM,5,128,5261751.546178556,159399.22619949194,5421150.772378048,5261751.546178556
Multivariate CEM,5,129,5232444.0805878425,164473.1261613026,5396917.206749145,5232444.0805878425
Multivariate CEM,5,130,5235441.367450395,157687.90162557838,5393129.269075973,5235441.367450395
Multivariate CEM,5,131,5241862.209223129,159343.08969376382,5401205.298916893,5241862.209223129
Multivariate CEM,5,132,5234143.083544044,159007.6559874662,5393150.73953151,5234143.083544044
Multivariate CEM,5,133,5237705.954796657,160096.37496005622,5397802.3297567135,5237705.954796657
Multivariate CEM,5,134,5251481.129416848,159561.0050284347,5411042.134445283,5251481.129416848
Multivariate CEM,5,135,5231415.491504703,155860.789909337,5387276.281414039,5231415.491504703
Multivariate CEM,5,136,5215096.107942292,160474.96071574817,5375571.06865804,5215096.107942292
Multivariate CEM,5,137,5252172.223087331,154233.99145264886,5406406.2145399805,5252172.223087331
Independent CEM,5,1,3916549.5255555366,324621.0921129734,4241170.61766851,3916549.5255555366
Independent CEM,5,2,4208100.274215363,282866.295862866,4490966.570078229,4208100.274215363
Independent CEM,5,3,4519524.550513215,239047.44339439177,4758571.993907607,4519524.550513215
Independent CEM,5,4,4720225.9051410835,222637.5735108599,4942863.478651944,4720225.9051410835
Independent CEM,5,5,4842051.61683135,214801.04242246866,5056852.659253819,4842051.61683135
Independent CEM,5,6,4924424.71827774,204290.63807261366,5128715.356350354,4924424.71827774
Independent CEM,5,7,4908321.4407488555,199521.03497427164,5107842.475723127,4908321.4407488555
Independent CEM,5,8,4946127.643051212,204021.81578484445,5150149.458836056,4946127.643051212
Independent CEM,5,9,5023773.37966072,187779.72042743664,5211553.100088157,5023773.37966072
Independent CEM,5,10,5065600.233927812,189557.51811971894,5255157.752047531,5065600.233927812
Independent CEM,5,11,5087679.124404107,192407.2816332311,5280086.406037338,5087679.124404107
Independent CEM,5,12,5110389.239948286,184652.81719836092,5295042.057146647,5110389.239948286
Independent CEM,5,13,5128757.943748476,185043.40774455047,5313801.351493026,5128757.943748476
Independent CEM,5,14,5138513.0981502775,179232.90822759856,5317746.006377876,5138513.0981502775
Independent CEM,5,15,5133253.787417975,181796.1133192647,5315049.90073724,5133253.787417975
Independent CEM,5,16,5132350.348607688,181224.73755229486,5313575.086159983,5132350.348607688
Independent CEM,5,17,5151672.000936793,178583.54612075348,5330255.547057547,5151672.000936793
Independent CEM,5,18,5168032.303431306,178551.90718469353,5346584.210616,5168032.303431306
Independent CEM,5,19,5194461.685264215,171075.06594854523,5365536.75121276,5194461.685264215
Independent CEM,5,20,5174365.581412995,175786.30354920714,5350151.884962202,5174365.581412995
Independent CEM,5,21,5166560.03487498,179340.06877091003,5345900.10364589,5166560.03487498
Independent CEM,5,22,5170530.993318028,178412.29556956716,5348943.288887595,5170530.993318028
Independent CEM,5,23,5184466.288994727,170960.8156197475,5355427.104614474,5184466.288994727
Independent CEM,5,24,5186996.5386026,178469.23885303998,5365465.77745564,5186996.5386026
Independent CEM,5,25,5179157.430346317,169770.3947962129,5348927.82514253,5179157.430346317
Independent CEM,5,26,5192952.992206553,163566.55400288108,5356519.546209434,5192952.992206553
Independent CEM,5,27,5172574.193761384,162901.64120902936,5335475.834970414,5172574.193761384
Independent CEM,5,28,5185365.091525201,161699.62567416095,5347064.717199362,5185365.091525201
Independent CEM,5,29,5183921.617961101,160590.90998728844,5344512.52794839,5183921.617961101
Independent CEM,5,30,5182446.207215684,156364.83002343762,5338811.037239121,5182446.207215684
Independent CEM,5,31,5206027.4777606,152507.21315838242,5358534.690918982,5206027.4777606
Independent CEM,5,32,5217513.276187344,153608.05038148124,5371121.326568826,5217513.276187344
Independent CEM,5,33,5177522.447279636,152947.80683650196,5330470.2541161375,5177522.447279636
Independent CEM,5,34,5226150.31798446,160343.7358056106,5386494.05379007,5226150.31798446
Independent CEM,5,35,5179728.7941542715,158782.40428131612,5338511.198435588,5179728.7941542715
Independent CEM,5,36,5209320.9443016695,157282.88157767116,5366603.825879341,5209320.9443016695
Independent CEM,5,37,5228646.025811952,160033.54762530982,5388679.573437261,5228646.025811952
Independent CEM,5,38,5191556.626952642,158920.02361763272,5350476.650570274,5191556.626952642
Independent CEM,5,39,5247933.930870395,155663.41349320178,5403597.344363597,5247933.930870395
Independent CEM,5,40,5228008.156878913,160448.99660872525,5388457.153487638,5228008.156878913
Independent CEM,5,41,5238879.807067296,160702.83168204574,5399582.6387493415,5238879.807067296
Independent CEM,5,42,5251169.390046294,158463.56855857704,5409632.958604871,5251169.390046294
Independent CEM,5,43,5259745.899567596,155517.05894405016,5415262.958511646,5259745.899567596
Independent CEM,5,44,5226009.736547283,154918.80360171816,5380928.540149001,5226009.736547283
Independent CEM,5,45,5213912.68365735,153338.15187343457,5367250.835530785,5213912.68365735
Independent CEM,5,46,5238768.13568659,156080.18383361088,5394848.3195202015,5238768.13568659
Independent CEM,5,47,5271494.032979358,155431.5942364624,5426925.62721582,5271494.032979358
Independent CEM,5,48,5259029.504806074,153384.54708013995,5412414.051886214,5259029.504806074
Independent CEM,5,49,5254577.892934055,158341.63450940588,5412919.527443461,5254577.892934055
Independent CEM,5,50,5252406.071295944,152434.46401833868,5404840.535314282,5252406.071295944
Independent CEM,5,51,5193824.304655067,151930.45834167566,5345754.7629967425,5193824.304655067
Independent CEM,5,52,5224526.780730192,158395.2252765635,5382922.006006755,5224526.780730192
Independent CEM,5,53,5224209.886324813,154400.59226605465,5378610.4785908675,5224209.886324813
Independent CEM,5,54,5203685.548479835,154945.4364331988,5358630.984913033,5203685.548479835
Independent CEM,5,55,5217858.639931353,158018.76390337906,5375877.403834732,5217858.639931353
Independent CEM,5,56,5188048.390247102,152588.84313524034,5340637.233382342,5188048.390247102
Independent CEM,5,57,5194110.6919144085,160296.44533522168,5354407.13724963,5194110.6919144085
Independent CEM,5,58,5244286.608824661,158593.37024932008,5402879.979073981,5244286.608824661
Independent CEM,5,59,5226747.3107923865,166003.73744751935,5392751.048239906,5226747.3107923865
Independent CEM,5,60,5222984.075829334,159705.92459247488,5382690.000421808,5222984.075829334
Independent CEM,5,61,5230595.9726171605,161809.61143842433,5392405.584055585,5230595.9726171605
Independent CEM,5,62,5210259.490115437,155371.63683938712,5365631.126954824,5210259.490115437
Independent CEM,5,63,5223351.862522738,158635.4123611495,5381987.274883888,5223351.862522738
Independent CEM,5,64,5243039.202201058,155686.0384285853,5398725.240629643,5243039.202201058
Independent CEM,5,65,5252445.732081919,155124.7696579414,5407570.5017398605,5252445.732081919
Independent CEM,5,66,5259497.486177808,157516.0793883546,5417013.565566163,5259497.486177808
Independent CEM,5,67,5247628.727171463,157031.25544908876,5404659.982620552,5247628.727171463
Independent CEM,5,68,5228004.513830892,156671.92294064641,5384676.436771538,5228004.513830892
Independent CEM,5,69,5226207.264542818,166732.39578468076,5392939.660327499,5226207.264542818
Independent CEM,5,70,5237148.730857033,156616.44794717987,5393765.178804213,5237148.730857033
Independent CEM,5,71,5220254.614555003,154571.27869412082,5374825.893249124,5220254.614555003
Independent CEM,5,72,5248944.271914712,156850.31164524338,5405794.5835599555,5248944.271914712
Independent CEM,5,73,5254086.243320239,154345.7794982168,5408432.0228184555,5254086.243320239
Independent CEM,5,74,5232106.301422229,152792.35742602698,5384898.658848256,5232106.301422229
Independent CEM,5,75,5205967.128898959,153952.16712512897,5359919.296024088,5205967.128898959
Independent CEM,5,76,5219205.365148062,155253.63412910706,5374458.999277169,5219205.365148062
Independent CEM,5,77,5234824.349498772,155519.78871712755,5390344.1382158995,5234824.349498772
Independent CEM,5,78,5214861.933181939,148705.48340679653,5363567.416588735,5214861.933181939
Independent CEM,5,79,5216930.576413056,152048.8832244629,5368979.459637519,5216930.576413056
Independent CEM,5,80,5256009.656866026,156242.40033755795,5412252.057203584,5256009.656866026
Independent CEM,5,81,5253548.313668971,155804.0757101466,5409352.389379118,5253548.313668971
Independent CEM,5,82,5233501.957640559,151510.2460859949,5385012.203726554,5233501.957640559
Independent CEM,5,83,5233486.513307331,149334.09360110172,5382820.606908433,5233486.513307331
Independent CEM,5,84,5247066.689956138,155650.4095328385,5402717.099488976,5247066.689956138
Independent CEM,5,85,5260271.019345568,156125.84880840842,5416396.868153976,5260271.019345568
Independent CEM,5,86,5265822.265223795,152215.52181878473,5418037.78704258,5265822.265223795
Independent CEM,5,87,5270720.5831781635,157975.43851642794,5428696.021694591,5270720.5831781635
Independent CEM,5,88,5212585.511898535,157362.30078152908,5369947.812680065,5212585.511898535
Independent CEM,5,89,5264406.313973928,161586.2590631915,5425992.57303712,5264406.313973928
Independent CEM,5,90,5253997.595198318,159547.4242615524,5413545.019459871,5253997.595198318
Independent CEM,5,91,5283848.152416768,160069.72009246028,5443917.872509228,5283848.152416768
Independent CEM,5,92,5268076.617031196,156484.95780504757,5424561.574836244,5268076.617031196
Independent CEM,5,93,5270905.229735559,153172.3099978035,5424077.539733362,5270905.229735559
Independent CEM,5,94,5252440.793025387,156949.19779954365,5409389.990824931,5252440.793025387
Independent CEM,5,95,5242129.282064822,153809.1963962963,5395938.4784611175,5242129.282064822
Independent CEM,5,96,5213168.152541869,155406.07521514053,5368574.22775701,5213168.152541869
Independent CEM,5,97,5214435.666190535,155926.2900277057,5370361.956218241,5214435.666190535
Independent CEM,5,98,5251128.971534486,158928.934807237,5410057.906341723,5251128.971534486
Independent CEM,5,99,5229017.461874012,158610.54389760795,5387628.00577162,5229017.461874012
Independent CEM,5,100,5203658.904749614,160001.55112942308,5363660.455879037,5203658.904749614
Independent CEM,5,101,5227593.790406375,158441.51127073288,5386035.301677108,5227593.790406375
Independent CEM,5,102,5242983.684285439,160328.21535795945,5403311.899643398,5242983.684285439
Independent CEM,5,103,5242658.118599344,170299.4975261274,5412957.616125472,5242658.118599344
Independent CEM,5,104,5238989.98312236,165609.49012493747,5404599.473247297,5238989.98312236
Independent CEM,5,105,5272890.192156608,165728.54198103503,5438618.734137643,5272890.192156608
Independent CEM,5,106,5216607.027825087,162467.30821408058,5379074.336039168,5216607.027825087
Independent CEM,5,107,5255167.919737738,167208.01367854228,5422375.93341628,5255167.919737738
Independent CEM,5,108,5237271.692216175,167376.38363005288,5404648.075846228,5237271.692216175
Independent CEM,5,109,5263394.568833024,166206.30122261267,5429600.870055637,5263394.568833024
Independent CEM,5,110,5242323.752822138,171775.0644973296,5414098.817319468,5242323.752822138
Independent CEM,5,111,5243949.521957675,172558.1624211693,5416507.684378845,5243949.521957675
Independent CEM,5,112,5275489.607738241,171058.03773935742,5446547.645477598,5275489.607738241
Independent CEM,5,113,5234421.008654246,168495.6543357682,5402916.662990014,5234421.008654246
Independent CEM,5,114,5278117.707533159,173579.45288380975,5451697.160416969,5278117.707533159
Independent CEM,5,115,5275769.448514785,173522.12803859412,5449291.576553379,5275769.448514785
Independent CEM,5,116,5257479.756508777,171898.52813641017,5429378.284645187,5257479.756508777
Independent CEM,5,117,5230285.717363521,169664.03025226167,5399949.7476157835,5230285.717363521
Independent CEM,5,118,5228913.290093829,172149.80442721435,5401063.094521043,5228913.290093829
Independent CEM,5,119,5222560.059849198,169628.0784798807,5392188.138329078,5222560.059849198
Independent CEM,5,120,5277066.071502597,169030.72783651247,5446096.799339109,5277066.071502597
Independent CEM,5,121,5276555.57372465,168440.81522535376,5444996.388950003,5276555.57372465
Independent CEM,5,122,5256931.42906633,170566.52374996393,5427497.9528162945,5256931.42906633
Independent CEM,5,123,5257578.546726781,163343.65445160976,5420922.2011783905,5257578.546726781
Independent CEM,5,124,5229090.404982683,164795.33951090378,5393885.744493587,5229090.404982683
Independent CEM,5,125,5265699.111968553,161711.57083325705,5427410.68280181,5265699.111968553
Independent CEM,5,126,5243350.4043407645,161580.5945592479,5404930.998900012,5243350.4043407645
Independent CEM,5,127,5243159.130258215,164965.12766576532,5408124.25792398,5243159.130258215
Independent CEM,5,128,5267313.306806009,159497.20065374114,5426810.50745975,5267313.306806009
Independent CEM,5,129,5271160.046669911,160325.0625150897,5431485.109185,5271160.046669911
Independent CEM,5,130,5262418.485064478,160668.7982458262,5423087.283310303,5262418.485064478
Independent CEM,5,131,5263415.189348792,159176.33657751963,5422591.5259263115,5263415.189348792
Independent CEM,5,132,5237168.40729942,159568.49947782303,5396736.906777243,5237168.40729942
Independent CEM,5,133,5240930.992399864,155436.14426535918,5396367.136665223,5240930.992399864
Independent CEM,5,134,5243902.602859305,156812.78283514045,5400715.385694446,5243902.602859305
Independent CEM,5,135,5237749.669120578,157154.0716319998,5394903.740752578,5237749.669120578
Independent CEM,5,136,5276964.833102037,159887.61789845,5436852.451000487,5276964.833102037
Independent CEM,5,137,5226573.128074367,152967.37909749703,5379540.507171864,5226573.128074367
Multivariate CEM,3,1,3828904.3836840442,300934.17127181235,4129838.5549558564,3828904.3836840442
Multivariate CEM,3,2,4163852.7334830626,270043.5559800975,4433896.289463161,4163852.7334830626
Multivariate CEM,3,3,4462572.9834875995,256864.6931427775,4719437.676630377,4462572.9834875995
Multivariate CEM,3,4,4660197.561979782,240086.3215532698,4900283.883533051,4660197.561979782
Multivariate CEM,3,5,4734115.458401012,216879.82864271564,4950995.287043728,4734115.458401012
Multivariate CEM,3,6,4838396.2959174,216801.2083702263,5055197.504287627,4838396.2959174
Multivariate CEM,3,7,4926455.6887380965,205906.18036353673,5132361.869101633,4926455.6887380965
Multivariate CEM,3,8,4946244.894743757,202868.20565807738,5149113.100401835,4946244.894743757
Multivariate CEM,3,9,5031193.775646523,190639.43463765792,5221833.210284181,5031193.775646523
Multivariate CEM,3,10,5065225.624240307,183354.0515714816,5248579.675811789,5065225.624240307
Multivariate CEM,3,11,5097102.77555383,177005.2249839309,5274108.000537761,5097102.77555383
Multivariate CEM,3,12,5133658.752935517,173107.20438673877,5306765.957322256,5133658.752935517
Multivariate CEM,3,13,5142951.894052656,175658.1928108126,5318610.086863469,5142951.894052656
Multivariate CEM,3,14,5151061.756106812,170845.47138711583,5321907.227493928,5151061.756106812
Multivariate CEM,3,15,5195603.170859545,175216.64058398205,5370819.811443526,5195603.170859545
Multivariate CEM,3,16,5178184.218383724,170357.42944621053,5348541.647829934,5178184.218383724
Multivariate CEM,3,17,5161788.755051633,164964.98039487563,5326753.735446509,5161788.755051633
Multivariate CEM,3,18,5170851.873427188,169584.1335514299,5340436.006978618,5170851.873427188
Multivariate CEM,3,19,5204913.811765987,161256.22679127188,5366170.038557259,5204913.811765987
Multivariate CEM,3,20,5192804.749832379,161096.31300633348,5353901.062838712,5192804.749832379
Multivariate CEM,3,21,5196039.489916112,158716.07389556128,5354755.563811674,5196039.489916112
Multivariate CEM,3,22,5184720.140000645,157917.78761983803,5342637.927620484,5184720.140000645
Multivariate CEM,3,23,5228818.522041812,156439.05150525458,5385257.573547066,5228818.522041812
Multivariate CEM,3,24,5239627.382454544,161365.72557424183,5400993.108028786,5239627.382454544
Multivariate CEM,3,25,5169194.917268013,153900.1016060975,5323095.01887411,5169194.917268013
Multivariate CEM,3,26,5257708.793190153,153037.92899232486,5410746.722182478,5257708.793190153
Multivariate CEM,3,27,5250139.961998106,150444.5589336886,5400584.520931794,5250139.961998106
Multivariate CEM,3,28,5219016.83918269,155575.10162311807,5374591.940805808,5219016.83918269
Multivariate CEM,3,29,5233959.473588848,153598.05278628538,5387557.526375133,5233959.473588848
Multivariate CEM,3,30,5220304.193447218,152970.2192033093,5373274.412650527,5220304.193447218
Multivariate CEM,3,31,5212408.439837137,150670.23508106158,5363078.674918199,5212408.439837137
Multivariate CEM,3,32,5239727.459745003,149480.28102077628,5389207.740765779,5239727.459745003
Multivariate CEM,3,33,5222309.859110077,154701.0054262012,5377010.864536278,5222309.859110077
Multivariate CEM,3,34,5230914.937387124,153158.62187542324,5384073.559262547,5230914.937387124
Multivariate CEM,3,35,5215779.64274916,155004.17759406992,5370783.82034323,5215779.64274916
Multivariate CEM,3,36,5204933.339188992,152799.91464840138,5357733.253837394,5204933.339188992
Multivariate CEM,3,37,5255790.183917961,149628.56427474626,5405418.748192707,5255790.183917961
Multivariate CEM,3,38,5283463.747043522,157880.23432014068,5441343.9813636625,5283463.747043522
Multivariate CEM,3,39,5222881.012575159,149307.99878906584,5372189.011364224,5222881.012575159
Multivariate CEM,3,40,5230106.160787993,155054.31302735416,5385160.473815347,5230106.160787993
Multivariate CEM,3,41,5257015.399346666,152064.79938221467,5409080.198728881,5257015.399346666
Multivariate CEM,3,42,5266782.121528341,153503.0037392901,5420285.125267631,5266782.121528341
Multivariate CEM,3,43,5219504.655276343,155094.1159924234,5374598.771268766,5219504.655276343
Multivariate CEM,3,44,5207711.650561388,150277.88020549447,5357989.530766882,5207711.650561388
Multivariate CEM,3,45,5203788.7596579315,152958.92273405206,5356747.682391983,5203788.7596579315
Multivariate CEM,3,46,5253148.935565816,154528.92828949916,5407677.863855315,5253148.935565816
Multivariate CEM,3,47,5231062.261391119,153794.73313699797,5384856.994528117,5231062.261391119
Multivariate CEM,3,48,5252615.132634167,153273.54663253578,5405888.679266702,5252615.132634167
Multivariate CEM,3,49,5249612.513438401,153015.2274621685,5402627.74090057,5249612.513438401
Multivariate CEM,3,50,5216675.3823226765,146218.6392016065,5362894.021524283,5216675.3823226765
Multivariate CEM,3,51,5213178.591010239,150027.98568789015,5363206.576698129,5213178.591010239
Multivariate CEM,3,52,5228848.702369611,145199.00850524192,5374047.710874853,5228848.702369611
Multivariate CEM,3,53,5229923.355243686,150310.76119798873,5380234.1164416745,5229923.355243686
Multivariate CEM,3,54,5260604.384349492,144888.36912776763,5405492.7534772605,5260604.384349492
Multivariate CEM,3,55,5238330.775900936,145134.1733356993,5383464.949236635,5238330.775900936
Multivariate CEM,3,56,5232814.957719659,148732.00622679404,5381546.963946453,5232814.957719659
Multivariate CEM,3,57,5235339.752842472,154319.17120945323,5389658.924051926,5235339.752842472
Multivariate CEM,3,58,5231493.020919614,150240.4644753702,5381733.485394984,5231493.020919614
Multivariate CEM,3,59,5251702.12164265,148772.30585344153,5400474.427496091,5251702.12164265
Multivariate CEM,3,60,5233343.891546009,150721.8388309198,5384065.730376929,5233343.891546009
Multivariate CEM,3,61,5215762.451400672,153138.73335684184,5368901.184757514,5215762.451400672
Multivariate CEM,3,62,5253315.781873747,150817.7909186411,5404133.572792388,5253315.781873747
Multivariate CEM,3,63,5205251.122503598,148588.7811503015,5353839.9036539,5205251.122503598
Multivariate CEM,3,64,5225664.565723854,150981.70427657317,5376646.270000427,5225664.565723854
Multivariate CEM,3,65,5239642.160773632,155442.24124430466,5395084.402017937,5239642.160773632
Multivariate CEM,3,66,5252628.172761543,150918.16913709458,5403546.341898637,5252628.172761543
Multivariate CEM,3,67,5225740.400999031,158738.40128130387,5384478.802280335,5225740.400999031
Multivariate CEM,3,68,5223883.269447354,155026.3807037486,5378909.650151102,5223883.269447354
Multivariate CEM,3,69,5207488.41473447,156150.67502110742,5363639.089755577,5207488.41473447
Multivariate CEM,3,70,5254267.2326912815,149540.56222315913,5403807.79491444,5254267.2326912815
Multivariate CEM,3,71,5217284.060207577,152773.24538695876,5370057.3055945365,5217284.060207577
Multivariate CEM,3,72,5225798.964209068,151366.596711501,5377165.560920568,5225798.964209068
Multivariate CEM,3,73,5223157.43186902,156623.46811220265,5379780.899981222,5223157.43186902
Multivariate CEM,3,74,5234941.5945447935,154859.35133168154,5389800.945876475,5234941.5945447935
Multivariate CEM,3,75,5216851.182007606,150366.93868270193,5367218.1206903085,5216851.182007606
Multivariate CEM,3,76,5205731.667028029,159743.7429620382,5365475.409990068,5205731.667028029
Multivariate CEM,3,77,5265003.7499576,153281.04151766995,5418284.79147527,5265003.7499576
Multivariate CEM,3,78,5251707.806612942,156136.6433054073,5407844.449918349,5251707.806612942
Multivariate CEM,3,79,5220053.152134466,151939.58535591088,5371992.737490376,5220053.152134466
Multivariate CEM,3,80,5219746.15004661,155772.24697377792,5375518.397020388,5219746.15004661
Multivariate CEM,3,81,5227314.038460747,155119.5807386219,5382433.619199369,5227314.038460747
Multivariate CEM,3,82,5259147.0009023575,155569.28550669114,5414716.286409048,5259147.0009023575
Multivariate CEM,3,83,5234699.305005115,155239.37925477777,5389938.684259893,5234699.305005115
Multivariate CEM,3,84,5212339.36698824,159903.66896314887,5372243.035951389,5212339.36698824
Multivariate CEM,3,85,5241495.338665812,152248.59129338645,5393743.929959198,5241495.338665812
Multivariate CEM,3,86,5235564.012355406,154595.7023173861,5390159.714672792,5235564.012355406
Multivariate CEM,3,87,5224745.453853472,157014.56690142487,5381760.020754897,5224745.453853472
Multivariate CEM,3,88,5177874.466740764,159208.07512163676,5337082.5418624,5177874.466740764
Multivariate CEM,3,89,5202962.699849688,153529.13897536555,5356491.8388250545,5202962.699849688
Multivariate CEM,3,90,5266631.99505649,156360.15592162285,5422992.1509781135,5266631.99505649
Multivariate CEM,3,91,5250958.861268678,153193.08901033824,5404151.950279016,5250958.861268678
Multivariate CEM,3,92,5246874.997319684,154787.47801122867,5401662.475330913,5246874.997319684
Multivariate CEM,3,93,5267525.537717351,152694.06060176084,5420219.598319111,5267525.537717351
Multivariate CEM,3,94,5246383.300076352,149234.29439860885,5395617.594474961,5246383.300076352
Multivariate CEM,3,95,5250169.124263117,151605.98505797272,5401775.109321089,5250169.124263117
Multivariate CEM,3,96,5266969.380024642,151376.4526925466,5418345.832717189,5266969.380024642
Multivariate CEM,3,97,5258281.525562849,149755.09336887082,5408036.61893172,5258281.525562849
Multivariate CEM,3,98,5238225.074980126,149422.72145132354,5387647.796431449,5238225.074980126
Multivariate CEM,3,99,5240661.246933399,148469.2416821628,5389130.488615561,5240661.246933399
Multivariate CEM,3,100,5247486.60763446,152391.23441322008,5399877.84204768,5247486.60763446
Multivariate CEM,3,101,5233220.201992558,147771.03549099172,5380991.23748355,5233220.201992558
Multivariate CEM,3,102,5249050.427030923,148915.92224685193,5397966.349277775,5249050.427030923
Multivariate CEM,3,103,5252750.631505553,148538.2582556397,5401288.889761193,5252750.631505553
Multivariate CEM,3,104,5231383.6104713455,146011.19550292418,5377394.805974269,5231383.6104713455
Multivariate CEM,3,105,5256429.502396232,143659.12617137094,5400088.628567603,5256429.502396232
Multivariate CEM,3,106,5240363.122124504,148605.00973927646,5388968.13186378,5240363.122124504
Multivariate CEM,3,107,5244204.904855484,145985.42070216546,5390190.325557649,5244204.904855484
Multivariate CEM,3,108,5252343.146983371,155243.7829802284,5407586.9299636,5252343.146983371
Multivariate CEM,3,109,5231228.7892956,152465.20657566117,5383693.995871261,5231228.7892956
Multivariate CEM,3,110,5248024.630310559,153371.97948901568,5401396.609799574,5248024.630310559
Multivariate CEM,3,111,5245190.121247269,153339.87341266,5398529.99465993,5245190.121247269
Multivariate CEM,3,112,5259994.295990342,150949.52010114066,5410943.8160914825,5259994.295990342
Multivariate CEM,3,113,5227829.303636882,155783.89162082656,5383613.195257709,5227829.303636882
Multivariate CEM,3,114,5247678.886699409,149712.86055919842,5397391.747258607,5247678.886699409
Multivariate CEM,3,115,5263184.644443315,150833.46098785612,5414018.105431171,5263184.644443315
Multivariate CEM,3,116,5236075.414440769,144370.96662789505,5380446.381068664,5236075.414440769
Multivariate CEM,3,117,5239742.806465545,147570.63871523776,5387313.445180782,5239742.806465545
Multivariate CEM,3,118,5225181.8883894645,155200.7322114366,5380382.620600902,5225181.8883894645
Multivariate CEM,3,119,5228649.144165791,146762.653857093,5375411.798022884,5228649.144165791
Multivariate CEM,3,120,5200185.073104029,147857.88333689873,5348042.956440927,5200185.073104029
Multivariate CEM,3,121,5191468.657719399,144253.0630453437,5335721.720764742,5191468.657719399
Multivariate CEM,3,122,5243574.239405785,142709.35888375933,5386283.598289544,5243574.239405785
Multivariate CEM,3,123,5238414.853893357,142363.6241444301,5380778.478037788,5238414.853893357
Multivariate CEM,3,124,5221522.944849673,146250.3826629883,5367773.327512661,5221522.944849673
Multivariate CEM,3,125,5238711.738026602,147819.2568028988,5386530.994829501,5238711.738026602
Multivariate CEM,3,126,5255416.790851613,146679.61663703108,5402096.407488644,5255416.790851613
Multivariate CEM,3,127,5236102.886938817,146734.39143800942,5382837.278376826,5236102.886938817
Multivariate CEM,3,128,5264323.914514226,144859.47407509308,5409183.388589319,5264323.914514226
Multivariate CEM,3,129,5228900.236879198,150336.7991821133,5379237.036061311,5228900.236879198
Multivariate CEM,3,130,5210964.239242696,145042.94581164815,5356007.185054344,5210964.239242696
Multivariate CEM,3,131,5206859.427898506,145824.1608923946,5352683.5887909,5206859.427898506
Multivariate CEM,3,132,5225298.2035180675,141378.73469183088,5366676.938209899,5225298.2035180675
Multivariate CEM,3,133,5220598.544222874,147321.8838424987,5367920.428065373,5220598.544222874
Multivariate CEM,3,134,5241335.244808114,154626.1131200428,5395961.357928157,5241335.244808114
Multivariate CEM,3,135,5227283.3241735585,162621.70582641446,5389905.029999973,5227283.3241735585
Multivariate CEM,3,136,5233308.75093563,150182.3850131713,5383491.135948801,5233308.75093563
Multivariate CEM,3,137,5213201.104759366,151227.9671313962,5364429.071890762,5213201.104759366
Independent CEM,3,1,3757325.093110769,307409.37215997756,4064734.4652707465,3757325.093110769
Independent CEM,3,2,4134772.6531935083,292425.1685188545,4427197.821712363,4134772.6531935083
Independent CEM,3,3,4398644.341711678,264567.410155651,4663211.751867329,4398644.341711678
Independent CEM,3,4,4629523.217438385,228213.83233266513,4857737.04977105,4629523.217438385
Independent CEM,3,5,4770100.770051249,213417.54314146732,4983518.313192717,4770100.770051249
Independent CEM,3,6,4889421.374012184,205187.0418506046,5094608.415862789,4889421.374012184
Independent CEM,3,7,4935964.505215984,195994.30229495274,5131958.807510937,4935964.505215984
Independent CEM,3,8,5005605.715863995,194224.5228369815,5199830.238700977,5005605.715863995
Independent CEM,3,9,5032327.103545846,183497.1553045744,5215824.258850421,5032327.103545846
Independent CEM,3,10,5034608.107100862,175486.5892600023,5210094.696360865,5034608.107100862
Independent CEM,3,11,5077529.062563803,180076.30053380536,5257605.363097608,5077529.062563803
Independent CEM,3,12,5114810.729618137,180830.85627595542,5295641.585894092,5114810.729618137
Independent CEM,3,13,5122737.227406545,174314.08169173612,5297051.309098281,5122737.227406545
Independent CEM,3,14,5137972.834530751,175016.71533821998,5312989.549868971,5137972.834530751
Independent CEM,3,15,5146496.455966546,176159.97117647866,5322656.427143025,5146496.455966546
Independent CEM,3,16,5123673.063605185,178147.5545442391,5301820.618149424,5123673.063605185
Independent CEM,3,17,5142288.490701737,176684.38030893626,5318972.871010673,5142288.490701737
Independent CEM,3,18,5162738.89403518,169068.99394358028,5331807.8879787605,5162738.89403518
Independent CEM,3,19,5194008.309086304,178315.42708894942,5372323.736175254,5194008.309086304
Independent CEM,3,20,5174573.87574619,175128.1457022949,5349702.021448485,5174573.87574619
Independent CEM,3,21,5199657.189007714,172509.33465134905,5372166.5236590635,5199657.189007714
Independent CEM,3,22,5178961.246069122,175757.3707142428,5354718.616783365,5178961.246069122
Independent CEM,3,23,5189658.059987832,171707.94374893894,5361366.003736771,5189658.059987832
Independent CEM,3,24,5183059.674521364,171138.20039449798,5354197.874915862,5183059.674521364
Independent CEM,3,25,5180531.882082448,177562.16379108516,5358094.045873534,5180531.882082448
Independent CEM,3,26,5159605.6061516935,164166.98523808864,5323772.591389782,5159605.6061516935
Independent CEM,3,27,5215386.831685414,171122.4935175796,5386509.325202993,5215386.831685414
Independent CEM,3,28,5202402.999466716,172804.78243020573,5375207.781896922,5202402.999466716
Independent CEM,3,29,5231230.003606503,170823.55393680854,5402053.557543311,5231230.003606503
Independent CEM,3,30,5205461.173403927,167294.35019693637,5372755.523600863,5205461.173403927
Independent CEM,3,31,5250543.494965247,167495.95357570203,5418039.448540949,5250543.494965247
Independent CEM,3,32,5274205.246478996,174355.9090108308,5448561.155489827,5274205.246478996
Independent CEM,3,33,5206978.528085007,173408.13657709595,5380386.664662103,5206978.528085007
Independent CEM,3,34,5227165.397991687,173658.29699646163,5400823.694988148,5227165.397991687
Independent CEM,3,35,5213574.672543678,177690.81143919408,5391265.483982872,5213574.672543678
Independent CEM,3,36,5204059.426057966,174749.1156359732,5378808.54169394,5204059.426057966
Independent CEM,3,37,5224601.26162596,172285.98444749936,5396887.246073459,5224601.26162596
Independent CEM,3,38,5222391.463001994,173427.16181400086,5395818.624815995,5222391.463001994
Independent CEM,3,39,5235388.844656755,167328.98264985997,5402717.827306615,5235388.844656755
Independent CEM,3,40,5256111.078253627,166149.8954683371,5422260.973721964,5256111.078253627
Independent CEM,3,41,5218161.8108371785,166125.81544404413,5384287.626281222,5218161.8108371785
Independent CEM,3,42,5206668.198246635,173976.4701502216,5380644.668396857,5206668.198246635
Independent CEM,3,43,5212780.111929019,169349.84031954783,5382129.952248567,5212780.111929019
Independent CEM,3,44,5223704.037859145,169163.52271430392,5392867.560573448,5223704.037859145
Independent CEM,3,45,5229276.765742472,169848.393505305,5399125.159247777,5229276.765742472
Independent CEM,3,46,5206171.488525538,170745.52035204243,5376917.00887758,5206171.488525538
Independent CEM,3,47,5175000.2549186265,165166.96160140343,5340167.21652003,5175000.2549186265
Independent CEM,3,48,5231892.737540958,169810.92854054476,5401703.666081503,5231892.737540958
Independent CEM,3,49,5245291.708014865,166293.87073762703,5411585.578752493,5245291.708014865
Independent CEM,3,50,5232213.748138688,171646.24191601324,5403859.9900547005,5232213.748138688
Independent CEM,3,51,5237227.9458287535,170924.57069050553,5408152.516519259,5237227.9458287535
Independent CEM,3,52,5212281.553891321,177604.7131354641,5389886.267026785,5212281.553891321
Independent CEM,3,53,5208190.519933918,171066.45766159584,5379256.977595514,5208190.519933918
Independent CEM,3,54,5223615.05048316,171413.10011828414,5395028.150601444,5223615.05048316
Independent CEM,3,55,5197372.1273815185,177933.00158148434,5375305.128963003,5197372.1273815185
Independent CEM,3,56,5194342.925323432,173367.40164598,5367710.326969412,5194342.925323432
Independent CEM,3,57,5225266.224302634,177597.2968623786,5402863.521165012,5225266.224302634
Independent CEM,3,58,5165397.404559403,175891.6919964918,5341289.096555894,5165397.404559403
Independent CEM,3,59,5223056.288866676,176784.88391810565,5399841.172784782,5223056.288866676
Independent CEM,3,60,5201748.594901893,171197.7194224726,5372946.314324366,5201748.594901893
Independent CEM,3,61,5228884.139690086,172859.3046887326,5401743.444378819,5228884.139690086
Independent CEM,3,62,5214022.742176697,169175.92950002023,5383198.671676717,5214022.742176697
Independent CEM,3,63,5250645.4070584485,167597.1521660587,5418242.559224507,5250645.4070584485
Independent CEM,3,64,5193376.877709785,169483.6708013295,5362860.548511114,5193376.877709785
Independent CEM,3,65,5203780.050263837,173994.32991205264,5377774.3801758895,5203780.050263837
Independent CEM,3,66,5232839.538995987,177917.04515363087,5410756.584149618,5232839.538995987
Independent CEM,3,67,5223577.228721533,170358.24885410652,5393935.477575639,5223577.228721533
Independent CEM,3,68,5265289.92339818,165724.28053600955,5431014.20393419,5265289.92339818
Independent CEM,3,69,5227768.727468355,167459.8946653253,5395228.62213368,5227768.727468355
Independent CEM,3,70,5241062.064143915,168617.453389648,5409679.517533563,5241062.064143915
Independent CEM,3,71,5232899.98346044,165633.865018008,5398533.848478449,5232899.98346044
Independent CEM,3,72,5233623.055118163,166258.6709090438,5399881.7260272065,5233623.055118163
Independent CEM,3,73,5242720.7646912765,169013.09033575666,5411733.855027033,5242720.7646912765
Independent CEM,3,74,5243215.967882283,172911.56025605614,5416127.5281383395,5243215.967882283
Independent CEM,3,75,5225285.113745914,172205.951826937,5397491.06557285,5225285.113745914
Independent CEM,3,76,5248796.417005621,166686.01466467156,5415482.431670292,5248796.417005621
Independent CEM,3,77,5188117.773700866,167409.1497202028,5355526.923421069,5188117.773700866
Independent CEM,3,78,5211555.07506487,166086.73609947253,5377641.811164342,5211555.07506487
Independent CEM,3,79,5195122.852676431,165822.10466259328,5360944.957339024,5195122.852676431
Independent CEM,3,80,5213883.4151816815,164746.9877738634,5378630.402955545,5213883.4151816815
Independent CEM,3,81,5229726.94641932,168174.23509390384,5397901.181513224,5229726.94641932
Independent CEM,3,82,5229893.828416148,170389.39384199958,5400283.222258148,5229893.828416148
Independent CEM,3,83,5240099.442338621,167641.3342383434,5407740.776576964,5240099.442338621
Independent CEM,3,84,5224768.458412292,165866.80249406234,5390635.2609063545,5224768.458412292
Independent CEM,3,85,5214336.787172737,172187.19608532032,5386523.983258057,5214336.787172737
Independent CEM,3,86,5219168.034110524,173561.47722445917,5392729.511334983,5219168.034110524
Independent CEM,3,87,5234222.526900372,177084.76679245374,5411307.293692825,5234222.526900372
Independent CEM,3,88,5195863.348611611,169397.88282883674,5365261.231440447,5195863.348611611
Independent CEM,3,89,5230547.190179953,169761.7961366571,5400308.98631661,5230547.190179953
Independent CEM,3,90,5199919.106994662,171197.32250463183,5371116.429499295,5199919.106994662
Independent CEM,3,91,5232528.366062398,171255.73478992915,5403784.100852327,5232528.366062398
Independent CEM,3,92,5220162.474055886,166061.18152018165,5386223.655576068,5220162.474055886
Independent CEM,3,93,5254887.336850436,165391.2776148743,5420278.614465311,5254887.336850436
Independent CEM,3,94,5195410.527053796,168140.43992396694,5363550.966977763,5195410.527053796
Independent CEM,3,95,5275731.838197633,164470.52797563828,5440202.366173271,5275731.838197633
Independent CEM,3,96,5223762.765091343,169929.6869461355,5393692.452037479,5223762.765091343
Independent CEM,3,97,5204542.198641702,159874.09325701802,5364416.29189872,5204542.198641702
Independent CEM,3,98,5219946.055731236,160915.49255504104,5380861.548286277,5219946.055731236
Independent CEM,3,99,5239759.03458312,157920.49821505486,5397679.532798175,5239759.03458312
Independent CEM,3,100,5247646.698304419,158745.78183510364,5406392.480139523,5247646.698304419
Independent CEM,3,101,5244956.440003137,162836.44668365378,5407792.886686791,5244956.440003137
Independent CEM,3,102,5205412.424371542,165297.9132578287,5370710.337629371,5205412.424371542
Independent CEM,3,103,5245532.763558425,161294.02477881956,5406826.788337245,5245532.763558425
Independent CEM,3,104,5263127.81857599,160885.07291868838,5424012.891494678,5263127.81857599
Independent CEM,3,105,5264624.260450282,161853.9112257209,5426478.171676003,5264624.260450282
Independent CEM,3,106,5253434.574495124,160080.8783951677,5413515.452890292,5253434.574495124
Independent CEM,3,107,5212141.369081241,163228.96542073367,5375370.334501974,5212141.369081241
Independent CEM,3,108,5215864.743983114,158138.62723824623,5374003.371221361,5215864.743983114
Independent CEM,3,109,5211740.372911499,157199.04942768952,5368939.422339188,5211740.372911499
Independent CEM,3,110,5266055.504214101,167052.1096896754,5433107.613903776,5266055.504214101
Independent CEM,3,111,5236046.305205628,153038.36795501824,5389084.673160646,5236046.305205628
Independent CEM,3,112,5273758.249455614,158904.2324319525,5432662.481887567,5273758.249455614
Independent CEM,3,113,5234722.517585115,156115.42099419807,5390837.9385793125,5234722.517585115
Independent CEM,3,114,5221376.329084936,156144.70862892436,5377521.03771386,5221376.329084936
Independent CEM,3,115,5235235.61534884,160832.17393160146,5396067.789280442,5235235.61534884
Independent CEM,3,116,5245224.715869396,160776.27372087585,5406000.989590272,5245224.715869396
Independent CEM,3,117,5235062.707835367,163739.26189724164,5398801.969732609,5235062.707835367
Independent CEM,3,118,5275448.897711708,165965.7327502206,5441414.630461928,5275448.897711708
Independent CEM,3,119,5225721.010067664,166159.81854203818,5391880.828609702,5225721.010067664
Independent CEM,3,120,5264006.048810617,164956.28114918995,5428962.329959807,5264006.048810617
Independent CEM,3,121,5237945.870500098,167652.51723595383,5405598.387736052,5237945.870500098
Independent CEM,3,122,5255462.502877033,167005.14762865784,5422467.650505691,5255462.502877033
Independent CEM,3,123,5265346.844671938,171488.7111764571,5436835.5558483945,5265346.844671938
Independent CEM,3,124,5237064.80808761,174012.05943400576,5411076.867521616,5237064.80808761
Independent CEM,3,125,5229875.140790019,165660.49983335283,5395535.640623372,5229875.140790019
Independent CEM,3,126,5245181.122862269,165583.40829072538,5410764.531152994,5245181.122862269
Independent CEM,3,127,5238048.451455538,162959.05283655567,5401007.504292094,5238048.451455538
Independent CEM,3,128,5217563.2156707365,157673.63579596762,5375236.851466704,5217563.2156707365
Independent CEM,3,129,5204528.589175976,166098.80465375487,5370627.39382973,5204528.589175976
Independent CEM,3,130,5235071.7634773,165710.26110718824,5400782.024584489,5235071.7634773
Independent CEM,3,131,5256819.878964911,161661.82380599043,5418481.702770902,5256819.878964911
Independent CEM,3,132,5190260.248790144,161050.15153793042,5351310.400328075,5190260.248790144
Independent CEM,3,133,5254829.793876066,161461.44241155745,5416291.236287624,5254829.793876066
Independent CEM,3,134,5240341.258589086,162918.31055204605,5403259.569141132,5240341.258589086
Independent CEM,3,135,5239990.64138223,162067.42363358074,5402058.0650158115,5239990.64138223
Independent CEM,3,136,5292090.518154106,160611.7384583472,5452702.256612454,5292090.518154106
Independent CEM,3,137,5254122.157260782,162154.56453902918,5416276.721799811,5254122.157260782
Multivariate CEM,1,1,3815667.6097193738,305229.74729144626,4120897.35701082,3815667.6097193738
Multivariate CEM,1,2,4120923.6523655755,289329.1413451358,4410252.793710711,4120923.6523655755
Multivariate CEM,1,3,4469233.08021246,270194.41545571724,4739427.4956681775,4469233.08021246
Multivariate CEM,1,4,4635064.897539829,250132.69120489515,4885197.588744724,4635064.897539829
Multivariate CEM,1,5,4762169.56915875,239816.0823446356,5001985.651503385,4762169.56915875
Multivariate CEM,1,6,4892542.370053581,225289.2661037495,5117831.63615733,4892542.370053581
Multivariate CEM,1,7,4942993.791322681,215870.37902499607,5158864.170347678,4942993.791322681
Multivariate CEM,1,8,4998449.443380954,201673.61797253447,5200123.061353488,4998449.443380954
Multivariate CEM,1,9,5038311.479829642,193919.74467588993,5232231.224505532,5038311.479829642
Multivariate CEM,1,10,5043102.609503044,197134.51324428557,5240237.122747329,5043102.609503044
Multivariate CEM,1,11,5094728.47105469,190405.42588496272,5285133.896939653,5094728.47105469
Multivariate CEM,1,12,5101251.849873444,197933.58983886687,5299185.439712311,5101251.849873444
Multivariate CEM,1,13,5117876.151380708,186136.34437757105,5304012.495758279,5117876.151380708
Multivariate CEM,1,14,5148331.313343883,185271.03987891696,5333602.3532227995,5148331.313343883
Multivariate CEM,1,15,5150538.927388337,178271.69138562717,5328810.618773964,5150538.927388337
Multivariate CEM,1,16,5169277.680755613,175664.6192995359,5344942.300055149,5169277.680755613
Multivariate CEM,1,17,5177090.3487906335,179384.81980148802,5356475.168592121,5177090.3487906335
Multivariate CEM,1,18,5187586.88827101,169947.97605632702,5357534.864327337,5187586.88827101
Multivariate CEM,1,19,5212269.219682989,179400.77436376625,5391669.994046755,5212269.219682989
Multivariate CEM,1,20,5198206.671075407,174025.00294352561,5372231.674018933,5198206.671075407
Multivariate CEM,1,21,5182952.977465038,166395.2603051871,5349348.237770225,5182952.977465038
Multivariate CEM,1,22,5213844.987212897,163102.2554852169,5376947.242698114,5213844.987212897
Multivariate CEM,1,23,5199332.493270517,167400.96979744226,5366733.46306796,5199332.493270517
Multivariate CEM,1,24,5164135.819466988,165370.42343953857,5329506.242906526,5164135.819466988
Multivariate CEM,1,25,5219950.533313177,164370.83437537405,5384321.367688551,5219950.533313177
Multivariate CEM,1,26,5201210.457514173,163662.3801859322,5364872.837700105,5201210.457514173
Multivariate CEM,1,27,5214660.268880013,169205.35870039783,5383865.627580411,5214660.268880013
Multivariate CEM,1,28,5196744.698968828,164051.33011418095,5360796.029083009,5196744.698968828
Multivariate CEM,1,29,5215919.117807629,166639.7229336751,5382558.840741304,5215919.117807629
Multivariate CEM,1,30,5202984.155321372,168676.45760753786,5371660.612928909,5202984.155321372
Multivariate CEM,1,31,5224065.667714502,164546.89026051233,5388612.557975014,5224065.667714502
Multivariate CEM,1,32,5220566.426034497,164961.4580704237,5385527.884104921,5220566.426034497
Multivariate CEM,1,33,5249377.130189758,164456.6988396787,5413833.829029436,5249377.130189758
Multivariate CEM,1,34,5201695.719153931,163783.8166188133,5365479.535772745,5201695.719153931
Multivariate CEM,1,35,5235978.684102591,168115.42470896788,5404094.108811559,5235978.684102591
Multivariate CEM,1,36,5195260.352430707,165876.97353504045,5361137.325965747,5195260.352430707
Multivariate CEM,1,37,5219052.348233022,162867.08105579135,5381919.429288813,5219052.348233022
Multivariate CEM,1,38,5207888.962776707,162312.38819073534,5370201.350967442,5207888.962776707
Multivariate CEM,1,39,5237957.59244001,158880.0734505401,5396837.66589055,5237957.59244001
Multivariate CEM,1,40,5203891.634690423,165081.7870434966,5368973.4217339195,5203891.634690423
Multivariate CEM,1,41,5179752.633023667,152780.88537362433,5332533.518397291,5179752.633023667
Multivariate CEM,1,42,5204086.765838232,160754.09849737756,5364840.86433561,5204086.765838232
Multivariate CEM,1,43,5196996.001732912,158460.44073895193,5355456.442471864,5196996.001732912
Multivariate CEM,1,44,5208713.447761356,162651.88478584704,5371365.332547203,5208713.447761356
Multivariate CEM,1,45,5206351.543650291,161359.79821898794,5367711.341869279,5206351.543650291
Multivariate CEM,1,46,5195029.731263184,157991.71207967645,5353021.443342861,5195029.731263184
Multivariate CEM,1,47,5201440.419514067,160042.64660186047,5361483.066115927,5201440.419514067
Multivariate CEM,1,48,5226130.297387903,155175.86622260115,5381306.163610504,5226130.297387903
Multivariate CEM,1,49,5191943.0021423455,152593.88968484328,5344536.891827188,5191943.0021423455
Multivariate CEM,1,50,5205720.16089313,157544.73701371287,5363264.897906843,5205720.16089313
Multivariate CEM,1,51,5204317.268558066,160376.2456319624,5364693.514190028,5204317.268558066
Multivariate CEM,1,52,5165641.968837401,156138.47360804895,5321780.4424454495,5165641.968837401
Multivariate CEM,1,53,5215013.627736033,160339.35184596118,5375352.979581994,5215013.627736033
Multivariate CEM,1,54,5199608.885482338,164025.2872871978,5363634.172769536,5199608.885482338
Multivariate CEM,1,55,5223527.330670276,159017.32400530166,5382544.654675578,5223527.330670276
Multivariate CEM,1,56,5204285.644222276,158907.68366666068,5363193.327888937,5204285.644222276
Multivariate CEM,1,57,5208041.885539075,164371.27318600865,5372413.158725084,5208041.885539075
Multivariate CEM,1,58,5197475.206154098,161578.91149352855,5359054.117647626,5197475.206154098
Multivariate CEM,1,59,5195526.241233063,162444.97958666424,5357971.2208197275,5195526.241233063
Multivariate CEM,1,60,5237501.687764403,154632.1370936184,5392133.824858022,5237501.687764403
Multivariate CEM,1,61,5199141.607113636,152289.2153827453,5351430.822496382,5199141.607113636
Multivariate CEM,1,62,5197879.89513807,153102.2479974037,5350982.143135474,5197879.89513807
Multivariate CEM,1,63,5208130.938887428,157620.74323864852,5365751.682126076,5208130.938887428
Multivariate CEM,1,64,5206432.505258857,155039.34544220674,5361471.850701064,5206432.505258857
Multivariate CEM,1,65,5215783.556571401,157219.75351044026,5373003.310081841,5215783.556571401
Multivariate CEM,1,66,5234171.486829062,153257.9143585589,5387429.401187621,5234171.486829062
Multivariate CEM,1,67,5215548.214034585,155767.1286407979,5371315.342675383,5215548.214034585
Multivariate CEM,1,68,5222226.2964210315,157457.37891973252,5379683.675340764,5222226.2964210315
Multivariate CEM,1,69,5247185.292926191,153879.5429785616,5401064.835904753,5247185.292926191
Multivariate CEM,1,70,5218866.222478385,158774.8748774802,5377641.097355865,5218866.222478385
Multivariate CEM,1,71,5246735.1609875485,154361.8655339849,5401097.026521534,5246735.1609875485
Multivariate CEM,1,72,5217036.364749084,160421.0728075012,5377457.437556585,5217036.364749084
Multivariate CEM,1,73,5214418.570624671,159161.16043941528,5373579.731064086,5214418.570624671
Multivariate CEM,1,74,5192839.429380397,157201.63874034493,5350041.068120742,5192839.429380397
Multivariate CEM,1,75,5255525.080028741,155916.9927159753,5411442.072744716,5255525.080028741
Multivariate CEM,1,76,5245295.190700088,156696.31088827076,5401991.501588359,5245295.190700088
Multivariate CEM,1,77,5216881.284828437,156059.78149837287,5372941.066326809,5216881.284828437
Multivariate CEM,1,78,5259458.847899367,161361.80861409285,5420820.65651346,5259458.847899367
Multivariate CEM,1,79,5222219.9321501,159655.7919771927,5381875.724127293,5222219.9321501
Multivariate CEM,1,80,5285610.108476745,157989.0449217696,5443599.153398515,5285610.108476745
Multivariate CEM,1,81,5243703.734619737,155370.98993728627,5399074.724557023,5243703.734619737
Multivariate CEM,1,82,5267542.619699178,161572.26898828414,5429114.888687463,5267542.619699178
Multivariate CEM,1,83,5239562.039252978,156537.55779939683,5396099.597052375,5239562.039252978
Multivariate CEM,1,84,5254587.199122097,159939.8375660959,5414527.036688194,5254587.199122097
Multivariate CEM,1,85,5224710.153004348,165173.16913660275,5389883.322140951,5224710.153004348
Multivariate CEM,1,86,5227673.585179805,158024.5580535406,5385698.143233346,5227673.585179805
Multivariate CEM,1,87,5241447.543711658,154932.4303180466,5396379.974029704,5241447.543711658
Multivariate CEM,1,88,5242546.831581459,156714.07230254187,5399260.903884001,5242546.831581459
Multivariate CEM,1,89,5234050.05474715,158768.05863708066,5392818.113384231,5234050.05474715
Multivariate CEM,1,90,5237922.4207207905,160374.6460568964,5398297.066777687,5237922.4207207905
Multivariate CEM,1,91,5216218.679054136,158300.06951009398,5374518.74856423,5216218.679054136
Multivariate CEM,1,92,5222032.0750422105,161324.8475696195,5383356.92261183,5222032.0750422105
Multivariate CEM,1,93,5242965.410231601,160657.17259350576,5403622.5828251075,5242965.410231601
Multivariate CEM,1,94,5231373.456102137,159706.31140145214,5391079.767503589,5231373.456102137
Multivariate CEM,1,95,5228832.97706017,155506.61275747002,5384339.58981764,5228832.97706017
Multivariate CEM,1,96,5265369.9914090745,154690.22410134418,5420060.215510419,5265369.9914090745
Multivariate CEM,1,97,5226248.933613979,159029.65866117502,5385278.592275154,5226248.933613979
Multivariate CEM,1,98,5208298.246091787,163604.98156807406,5371903.227659861,5208298.246091787
Multivariate CEM,1,99,5242941.703939359,156981.5234614206,5399923.22740078,5242941.703939359
Multivariate CEM,1,100,5208661.044329419,161850.040836671,5370511.08516609,5208661.044329419
Multivariate CEM,1,101,5238125.447348215,157654.0866283283,5395779.533976543,5238125.447348215
Multivariate CEM,1,102,5225346.885819869,157921.44902365468,5383268.334843524,5225346.885819869
Multivariate CEM,1,103,5228200.830342082,158171.06898928445,5386371.899331367,5228200.830342082
Multivariate CEM,1,104,5235819.953820347,158500.31779556102,5394320.271615908,5235819.953820347
Multivariate CEM,1,105,5222458.7087976355,167215.24029708817,5389673.949094724,5222458.7087976355
Multivariate CEM,1,106,5214923.3954273425,168035.64975422045,5382959.045181563,5214923.3954273425
Multivariate CEM,1,107,5226837.768003795,164307.22865926483,5391144.99666306,5226837.768003795
Multivariate CEM,1,108,5223014.313634649,169804.83639221772,5392819.150026866,5223014.313634649
Multivariate CEM,1,109,5226958.466376866,163361.87003371137,5390320.336410577,5226958.466376866
Multivariate CEM,1,110,5236342.672450209,163633.67554062442,5399976.347990833,5236342.672450209
Multivariate CEM,1,111,5235084.325050643,160813.74001615794,5395898.0650668,5235084.325050643
Multivariate CEM,1,112,5229445.21929237,156813.5194391363,5386258.738731506,5229445.21929237
Multivariate CEM,1,113,5229567.077150833,157818.9325010664,5387386.009651899,5229567.077150833
Multivariate CEM,1,114,5230987.35115949,160661.67326875505,5391649.024428245,5230987.35115949
Multivariate CEM,1,115,5269261.721326174,157195.75453422384,5426457.475860398,5269261.721326174
Multivariate CEM,1,116,5243348.277965095,156338.10767280776,5399686.385637903,5243348.277965095
Multivariate CEM,1,117,5257693.979422578,157956.06454719845,5415650.0439697765,5257693.979422578
Multivariate CEM,1,118,5284281.005947578,155832.93176172572,5440113.937709304,5284281.005947578
Multivariate CEM,1,119,5237428.5480699865,157586.36006717206,5395014.9081371585,5237428.5480699865
Multivariate CEM,1,120,5267939.931474293,156598.89343717688,5424538.82491147,5267939.931474293
Multivariate CEM,1,121,5259665.208816923,157570.40743351355,5417235.616250437,5259665.208816923
Multivariate CEM,1,122,5241587.931237843,158947.86357354163,5400535.794811385,5241587.931237843
Multivariate CEM,1,123,5202569.84659064,155609.81776018976,5358179.66435083,5202569.84659064
Multivariate CEM,1,124,5267893.444834458,152455.4754470698,5420348.920281528,5267893.444834458
Multivariate CEM,1,125,5209145.203984253,162433.34862753734,5371578.552611791,5209145.203984253
Multivariate CEM,1,126,5256336.189513169,163926.07907971652,5420262.268592886,5256336.189513169
Multivariate CEM,1,127,5237889.41160763,164593.51309209497,5402482.924699725,5237889.41160763
Multivariate CEM,1,128,5242432.910963153,166947.69741876662,5409380.60838192,5242432.910963153
Multivariate CEM,1,129,5218879.107149747,166678.46650020053,5385557.5736499475,5218879.107149747
Multivariate CEM,1,130,5229093.121555545,167455.32641187045,5396548.447967416,5229093.121555545
Multivariate CEM,1,131,5203594.442686215,166561.25025047606,5370155.692936691,5203594.442686215
Multivariate CEM,1,132,5234925.879663199,162416.80886737772,5397342.688530577,5234925.879663199
Multivariate CEM,1,133,5209191.799726392,166218.9778800271,5375410.777606419,5209191.799726392
Multivariate CEM,1,134,5214810.3443539385,166191.25096767288,5381001.5953216115,5214810.3443539385
Multivariate CEM,1,135,5227075.830876778,163354.72339525362,5390430.554272031,5227075.830876778
Multivariate CEM,1,136,5204271.942060932,162824.9204672161,5367096.862528148,5204271.942060932
Multivariate CEM,1,137,5230701.936813574,161307.47242054486,5392009.40923412,5230701.936813574
Independent CEM,1,1,3794535.9950145734,318452.07355653826,4112988.0685711117,3794535.9950145734
Independent CEM,1,2,4118883.5179643477,283536.5734201721,4402420.09138452,4118883.5179643477
Independent CEM,1,3,4486202.8525807625,252343.40420400395,4738546.256784766,4486202.8525807625
Independent CEM,1,4,4679680.4289128175,250747.0693646214,4930427.498277439,4679680.4289128175
Independent CEM,1,5,4775731.554499664,240107.0538596428,5015838.608359307,4775731.554499664
Independent CEM,1,6,4864037.040478419,222807.28203891337,5086844.322517332,4864037.040478419
Independent CEM,1,7,4944221.598292819,210171.62498634047,5154393.2232791595,4944221.598292819
Independent CEM,1,8,4946531.191772496,208067.24428556315,5154598.436058059,4946531.191772496
Independent CEM,1,9,5030923.392719545,196177.45023518216,5227100.842954728,5030923.392719545
Independent CEM,1,10,5023926.22026286,197398.20908369962,5221324.42934656,5023926.22026286
Independent CEM,1,11,5103370.727554604,191622.7124236119,5294993.439978216,5103370.727554604
Independent CEM,1,12,5072489.36466095,184317.867453357,5256807.232114308,5072489.36466095
Independent CEM,1,13,5134437.45418917,176622.4559452504,5311059.910134421,5134437.45418917
Independent CEM,1,14,5087196.881185749,175448.23035077067,5262645.11153652,5087196.881185749
Independent CEM,1,15,5084469.6034479905,175307.03849083852,5259776.641938829,5084469.6034479905
Independent CEM,1,16,5153838.928546777,171336.41110472765,5325175.3396515045,5153838.928546777
Independent CEM,1,17,5151929.531076325,169361.10616481505,5321290.63724114,5151929.531076325
Independent CEM,1,18,5150179.0869299695,162256.1317047877,5312435.218634757,5150179.0869299695
Independent CEM,1,19,5192512.85129246,162981.48032517775,5355494.331617638,5192512.85129246
Independent CEM,1,20,5185298.904725682,163305.09912926416,5348604.003854946,5185298.904725682
Independent CEM,1,21,5197902.557913054,157090.3598650034,5354992.917778057,5197902.557913054
Independent CEM,1,22,5168685.958298069,161430.58147314494,5330116.539771214,5168685.958298069
Independent CEM,1,23,5203428.355771282,160821.41250762218,5364249.768278904,5203428.355771282
Independent CEM,1,24,5195028.7612955505,159043.93354957923,5354072.69484513,5195028.7612955505
Independent CEM,1,25,5224964.0092960335,165629.740991207,5390593.75028724,5224964.0092960335
Independent CEM,1,26,5195865.317285487,166460.76449727913,5362326.081782767,5195865.317285487
Independent CEM,1,27,5215308.632562171,160335.67500765127,5375644.307569822,5215308.632562171
Independent CEM,1,28,5191979.175686592,160061.97016429258,5352041.145850885,5191979.175686592
Independent CEM,1,29,5181564.554121761,162137.26640236346,5343701.820524124,5181564.554121761
Independent CEM,1,30,5181871.385960865,162756.23061222574,5344627.616573091,5181871.385960865
Independent CEM,1,31,5193287.902926277,163709.85937071295,5356997.7622969905,5193287.902926277
Independent CEM,1,32,5191645.216242229,153873.29422108337,5345518.510463312,5191645.216242229
Independent CEM,1,33,5197948.8575977925,153165.9179378773,5351114.77553567,5197948.8575977925
Independent CEM,1,34,5209197.328043076,151570.74930302665,5360768.077346103,5209197.328043076
Independent CEM,1,35,5193229.215304223,153309.16143441416,5346538.376738637,5193229.215304223
Independent CEM,1,36,5177448.233812663,146831.5937741908,5324279.827586854,5177448.233812663
Independent CEM,1,37,5238252.691030934,151359.34110157023,5389612.0321325045,5238252.691030934
Independent CEM,1,38,5220585.535121146,146927.45436030443,5367512.98948145,5220585.535121146
Independent CEM,1,39,5213927.086446227,152367.39057857922,5366294.477024806,5213927.086446227
Independent CEM,1,40,5223620.261597773,152175.04051573036,5375795.302113503,5223620.261597773
Independent CEM,1,41,5217965.225127138,148348.0085302694,5366313.233657408,5217965.225127138
Independent CEM,1,42,5247840.491067698,154751.05796858462,5402591.549036283,5247840.491067698
Independent CEM,1,43,5150442.9411889585,154502.94179571266,5304945.882984671,5150442.9411889585
Independent CEM,1,44,5228532.953501747,153308.93241065874,5381841.885912405,5228532.953501747
Independent CEM,1,45,5222073.627034365,156889.74524195958,5378963.372276325,5222073.627034365
Independent CEM,1,46,5216246.180709128,151986.06713663996,5368232.247845768,5216246.180709128
Independent CEM,1,47,5226483.173857443,156576.11832691982,5383059.292184363,5226483.173857443
Independent CEM,1,48,5223223.375835404,151592.68989819408,5374816.065733598,5223223.375835404
Independent CEM,1,49,5226207.433878237,150605.1319744623,5376812.5658527,5226207.433878237
Independent CEM,1,50,5225293.90411325,152669.5797616874,5377963.4838749375,5225293.90411325
Independent CEM,1,51,5191184.839717696,149302.70194703894,5340487.541664735,5191184.839717696
Independent CEM,1,52,5217969.359698885,153782.48010856347,5371751.839807449,5217969.359698885
Independent CEM,1,53,5207831.266496805,150301.38762901048,5358132.654125815,5207831.266496805
Independent CEM,1,54,5191799.537216594,152383.0490528302,5344182.586269424,5191799.537216594
Independent CEM,1,55,5194778.472690583,150241.17934472565,5345019.652035309,5194778.472690583
Independent CEM,1,56,5216976.7035786845,150036.69752465107,5367013.401103335,5216976.7035786845
Independent CEM,1,57,5206019.220245271,151397.6401566865,5357416.860401957,5206019.220245271
Independent CEM,1,58,5203336.137403197,150923.07529905371,5354259.21270225,5203336.137403197
Independent CEM,1,59,5242217.614595081,152406.84006805107,5394624.454663131,5242217.614595081
Independent CEM,1,60,5197610.589310694,153933.71322525394,5351544.302535947,5197610.589310694
Independent CEM,1,61,5187544.899860418,154346.80323940088,5341891.703099819,5187544.899860418
Independent CEM,1,62,5233793.836020729,151090.30417443585,5384884.140195165,5233793.836020729
Independent CEM,1,63,5233651.167233596,155945.5424245177,5389596.709658113,5233651.167233596
Independent CEM,1,64,5215468.2388432305,147506.91609158754,5362975.154934818,5215468.2388432305
Independent CEM,1,65,5190082.344093581,153112.30923248522,5343194.653326066,5190082.344093581
Independent CEM,1,66,5179270.170193951,147973.11529914636,5327243.285493097,5179270.170193951
Independent CEM,1,67,5221724.712721396,149279.1374845976,5371003.850205994,5221724.712721396
Independent CEM,1,68,5189038.894098364,149519.33737589399,5338558.231474258,5189038.894098364
Independent CEM,1,69,5189360.098403971,150004.21766079636,5339364.316064768,5189360.098403971
Independent CEM,1,70,5222487.1899219435,147868.60081827125,5370355.790740214,5222487.1899219435
Independent CEM,1,71,5242485.337257655,149627.74504119408,5392113.08229885,5242485.337257655
Independent CEM,1,72,5224844.523979894,150903.82597910514,5375748.349958999,5224844.523979894
Independent CEM,1,73,5227817.298374662,151017.13275563743,5378834.431130299,5227817.298374662
Independent CEM,1,74,5216445.470958515,148338.0174132705,5364783.488371786,5216445.470958515
Independent CEM,1,75,5218014.965709967,152110.41485873397,5370125.380568701,5218014.965709967
Independent CEM,1,76,5235378.773651365,154201.353360079,5389580.127011444,5235378.773651365
Independent CEM,1,77,5237264.0580805885,153865.21208061493,5391129.270161203,5237264.0580805885
Independent CEM,1,78,5235279.137771081,156971.8481583691,5392250.98592945,5235279.137771081
Independent CEM,1,79,5216722.5238660015,155869.24079523393,5372591.764661236,5216722.5238660015
Independent CEM,1,80,5195401.618425247,153533.63166160314,5348935.2500868505,5195401.618425247
Independent CEM,1,81,5215291.20058005,155254.5152741821,5370545.715854232,5215291.20058005
Independent CEM,1,82,5208549.162805941,159762.62680309755,5368311.789609038,5208549.162805941
Independent CEM,1,83,5196778.2171000745,158368.2254897529,5355146.442589828,5196778.2171000745
Independent CEM,1,84,5233200.244042553,160594.74334080506,5393794.987383358,5233200.244042553
Independent CEM,1,85,5241893.15256749,159720.80383124994,5401613.95639874,5241893.15256749
Independent CEM,1,86,5189777.713357568,157308.3118666109,5347086.025224179,5189777.713357568
Independent CEM,1,87,5207513.967598836,157599.6164166255,5365113.584015462,5207513.967598836
Independent CEM,1,88,5252271.939763041,155628.47680399573,5407900.416567037,5252271.939763041
Independent CEM,1,89,5229078.119900891,154300.44980699214,5383378.569707883,5229078.119900891
Independent CEM,1,90,5237285.095918562,156128.64696221927,5393413.742880781,5237285.095918562
Independent CEM,1,91,5243011.277224546,158590.6729121031,5401601.950136649,5243011.277224546
Independent CEM,1,92,5230247.836065735,153412.64402585986,5383660.480091594,5230247.836065735
Independent CEM,1,93,5228590.3811186645,155162.88876503002,5383753.269883694,5228590.3811186645
Independent CEM,1,94,5207808.531113062,155571.1797122335,5363379.710825295,5207808.531113062
Independent CEM,1,95,5216691.872603906,153087.11484661768,5369778.987450524,5216691.872603906
Independent CEM,1,96,5187891.134907372,151837.75256977824,5339728.88747715,5187891.134907372
Independent CEM,1,97,5232152.558425306,150739.26006110283,5382891.818486409,5232152.558425306
Independent CEM,1,98,5230223.251270565,150514.86549527931,5380738.116765845,5230223.251270565
Independent CEM,1,99,5206261.152129863,150380.64436694732,5356641.79649681,5206261.152129863
Independent CEM,1,100,5210809.764884502,152384.98956656415,5363194.754451066,5210809.764884502
Independent CEM,1,101,5214011.044688132,151656.49480110125,5365667.539489233,5214011.044688132
Independent CEM,1,102,5240411.56312936,153805.33477191385,5394216.897901273,5240411.56312936
Independent CEM,1,103,5195258.968307988,150352.54510300505,5345611.513410993,5195258.968307988
Independent CEM,1,104,5200409.210830499,153958.10101119164,5354367.311841691,5200409.210830499
Independent CEM,1,105,5242773.46090471,151928.8369656357,5394702.297870345,5242773.46090471
Independent CEM,1,106,5204837.925766937,154403.69298911447,5359241.618756052,5204837.925766937
Independent CEM,1,107,5235873.944686346,154964.51743295777,5390838.462119304,5235873.944686346
Independent CEM,1,108,5208526.014066641,155023.18937354573,5363549.203440187,5208526.014066641
Independent CEM,1,109,5263254.6142832525,152896.65015763248,5416151.264440885,5263254.6142832525
Independent CEM,1,110,5214669.921914558,152711.1857061631,5367381.107620721,5214669.921914558
Independent CEM,1,111,5251626.439726669,156087.1858681458,5407713.625594815,5251626.439726669
Independent CEM,1,112,5231317.332801845,157653.7723173755,5388971.10511922,5231317.332801845
Independent CEM,1,113,5234163.534430014,159604.38912899996,5393767.923559014,5234163.534430014
Independent CEM,1,114,5228066.138744591,161805.75875689686,5389871.897501487,5228066.138744591
Independent CEM,1,115,5219415.147322558,155311.77238179423,5374726.9197043525,5219415.147322558
Independent CEM,1,116,5217196.2121509295,162007.45220539247,5379203.664356322,5217196.2121509295
Independent CEM,1,117,5203586.751726601,160110.54131187778,5363697.293038479,5203586.751726601
Independent CEM,1,118,5199897.813315786,162580.80151347886,5362478.6148292655,5199897.813315786
Independent CEM,1,119,5205948.2872497635,164251.0438856357,5370199.3311354,5205948.2872497635
Independent CEM,1,120,5254913.977560262,165540.1484743922,5420454.126034655,5254913.977560262
Independent CEM,1,121,5261764.491047272,164411.23619515155,5426175.727242424,5261764.491047272
Independent CEM,1,122,5222507.879734191,166646.3058179255,5389154.1855521165,5222507.879734191
Independent CEM,1,123,5238904.51332456,164469.29403701954,5403373.8073615795,5238904.51332456
Independent CEM,1,124,5243405.101799281,160862.86720491954,5404267.969004201,5243405.101799281
Independent CEM,1,125,5253817.458916401,161516.3358923378,5415333.794808738,5253817.458916401
Independent CEM,1,126,5222116.268265089,160211.27079433156,5382327.539059421,5222116.268265089
Independent CEM,1,127,5230269.666918088,164420.65473410796,5394690.321652195,5230269.666918088
Independent CEM,1,128,5218788.448783397,165431.26361882983,5384219.712402226,5218788.448783397
Independent CEM,1,129,5228935.636413016,163923.74550226412,5392859.381915281,5228935.636413016
Independent CEM,1,130,5211729.333225946,162356.04593702735,5374085.379162974,5211729.333225946
Independent CEM,1,131,5204567.373573089,163443.32832324886,5368010.701896338,5204567.373573089
Independent CEM,1,132,5206648.206328158,160926.82978425763,5367575.036112416,5206648.206328158
Independent CEM,1,133,5243132.1544032935,162295.06017040278,5405427.214573696,5243132.1544032935
Independent CEM,1,134,5213676.139466873,158103.63669792778,5371779.776164801,5213676.139466873
Independent CEM,1,135,5222235.486005411,155642.96762629494,5377878.453631706,5222235.486005411
Independent CEM,1,136,5215228.850956249,163365.12618072765,5378593.977136977,5215228.850956249
Independent CEM,1,137,5221667.538097434,159875.66657146902,5381543.204668903,5221667.538097434
Q-learning,1,1,3688058.6666666674,425157.2653387939,4113215.9320054613,3688058.6666666674
Q-learning,1,2,3731582.8888888895,442824.7402190239,4174407.6291079135,3731582.8888888895
Q-learning,1,3,3670249.7777777794,459721.6138294768,4129971.391607256,3670249.7777777794
Q-learning,1,4,3713966.000000001,444517.0609532876,4158483.0609532883,3713966.000000001
Q-learning,1,5,3669855.3333333344,425400.00132940925,4095255.334662744,3669855.3333333344
Q-learning,1,6,3705545.555555558,415198.83561740513,4120744.391172963,3705545.555555558
Q-learning,1,7,3719443.3333333335,447804.0171820028,4167247.3505153363,3719443.3333333335
Q-learning,1,8,3724599.5555555546,426876.16699703794,4151475.7225525924,3724599.5555555546
Q-learning,1,9,3774514.444444445,437009.44127628754,4211523.885720733,3774514.444444445
Q-learning,1,10,3818509.3333333326,424102.38590071583,4242611.719234048,3818509.3333333326
Q-learning,1,11,3834761.7777777785,431744.1512856235,4266505.929063402,3834761.7777777785
Q-learning,1,12,3851632.8888888913,410533.21582043916,4262166.104709331,3851632.8888888913
Q-learning,1,13,3787010.6666666656,444490.1913471337,4231500.858013799,3787010.6666666656
Q-learning,1,14,3812918.666666666,412798.1602791095,4225716.826945775,3812918.666666666
Q-learning,1,15,3852499.555555557,424350.4234310641,4276849.978986621,3852499.555555557
Q-learning,1,16,3839392.000000002,399079.6250241985,4238471.6250242,3839392.000000002
Q-learning,1,17,3859328.8888888913,412874.79447907116,4272203.683367962,3859328.8888888913
Q-learning,1,18,3804998.2222222257,418634.43839642865,4223632.660618654,3804998.2222222257
Q-learning,1,19,3925038.444444443,407165.8555758035,4332204.300020247,3925038.444444443
Q-learning,1,20,3856359.111111113,439459.2064998278,4295818.317610941,3856359.111111113
Q-learning,1,21,3883342.8888888923,425015.8607507168,4308358.749639609,3883342.8888888923
Q-learning,1,22,3933910.6666666674,396296.8749430853,4330207.541609753,3933910.6666666674
Q-learning,1,23,4008732.4444444436,404903.96853663324,4413636.412981077,4008732.4444444436
Q-learning,1,24,3966750.0,430720.549330997,4397470.549330997,3966750.0
Q-learning,1,25,3880627.111111114,407660.422957213,4288287.5340683265,3880627.111111114
Q-learning,1,26,3885331.5555555522,405082.4198712384,4290413.97542679,3885331.5555555522
Q-learning,1,27,3977680.888888886,400890.2521683408,4378571.141057227,3977680.888888886
Q-learning,1,28,3972136.8888888913,393928.4363805984,4366065.32526949,3972136.8888888913
Q-learning,1,29,3985661.9999999995,381039.9969990939,4366701.996999093,3985661.9999999995
Q-learning,1,30,4015147.111111111,411624.68947693775,4426771.800588049,4015147.111111111
Q-learning,1,31,4000586.8888888895,377548.5189915552,4378135.407880445,4000586.8888888895
Q-learning,1,32,4012418.4444444417,381420.31479393796,4393838.75923838,4012418.4444444417
Q-learning,1,33,3955551.333333333,409981.9064130648,4365533.239746397,3955551.333333333
Q-learning,1,34,4046393.7777777803,394698.5141653195,4441092.291943099,4046393.7777777803
Q-learning,1,35,4061696.444444444,392481.32361142884,4454177.768055873,4061696.444444444
Q-learning,1,36,4110083.9999999995,399778.9442021862,4509862.944202186,4110083.9999999995
Q-learning,1,37,4063194.4444444445,382635.9009149705,4445830.345359415,4063194.4444444445
Q-learning,1,38,4153373.5555555583,357757.0964613067,4511130.652016865,4153373.5555555583
Q-learning,1,39,4079908.66666667,367122.74238377996,4447031.40905045,4079908.66666667
Q-learning,1,40,4092707.777777776,386058.03839336144,4478765.816171138,4092707.777777776
Q-learning,1,41,4116650.22222222,392400.70473711635,4509050.926959337,4116650.22222222
Q-learning,1,42,4228606.666666663,403823.64113504655,4632430.3078017095,4228606.666666663
Q-learning,1,43,4209918.88888889,402609.06831143453,4612527.957200324,4209918.88888889
Q-learning,1,44,4147331.777777777,407960.74034984375,4555292.518127621,4147331.777777777
Q-learning,1,45,4127182.8888888904,385951.72080077196,4513134.609689662,4127182.8888888904
Q-learning,1,46,4195810.88888889,355528.5492280336,4551339.438116924,4195810.88888889
Q-learning,1,47,4201167.777777779,357801.85887296894,4558969.636650748,4201167.777777779
Q-learning,1,48,4212982.8888888825,376548.78124814905,4589531.670137032,4212982.8888888825
Q-learning,1,49,4229965.333333329,348638.47219322226,4578603.805526552,4229965.333333329
Q-learning,1,50,4220558.000000002,349685.80160513555,4570243.801605137,4220558.000000002
Q-learning,1,51,4163950.8888888885,394791.6482619428,4558742.537150831,4163950.8888888885
Q-learning,1,52,4224326.222222221,361172.8533062937,4585499.075528515,4224326.222222221
Q-learning,1,53,4198905.777777781,390601.52857925673,4589507.306357037,4198905.777777781
Q-learning,1,54,4288288.444444444,344444.8810378237,4632733.325482268,4288288.444444444
Q-learning,1,55,4332994.88888889,334794.67095691763,4667789.559845808,4332994.88888889
Q-learning,1,56,4285264.888888889,362946.7574179285,4648211.646306817,4285264.888888889
Q-learning,1,57,4359820.444444443,332087.6081149105,4691908.052559353,4359820.444444443
Q-learning,1,58,4318849.333333332,339019.8504666773,4657869.183800009,4318849.333333332
Q-learning,1,59,4313887.777777778,354198.70675133384,4668086.484529112,4313887.777777778
Q-learning,1,60,4315678.222222218,327450.5958404407,4643128.818062659,4315678.222222218
Q-learning,1,61,4327474.888888886,305673.8463217183,4633148.735210605,4327474.888888886
Q-learning,1,62,4383841.111111111,330767.3758610311,4714608.486972142,4383841.111111111
Q-learning,1,63,4279311.333333334,356058.7895205003,4635370.122853834,4279311.333333334
Q-learning,1,64,4361338.444444442,327784.7608491533,4689123.205293596,4361338.444444442
Q-learning,1,65,4300664.88888889,367688.51128741645,4668353.400176306,4300664.88888889
Q-learning,1,66,4408830.000000006,322705.01785139454,4731535.0178514,4408830.000000006
Q-learning,1,67,4425483.111111112,326369.95812782936,4751853.069238941,4425483.111111112
Q-learning,1,68,4397573.11111111,309717.0158586511,4707290.126969761,4397573.11111111
Q-learning,1,69,4355872.000000004,342561.32492597715,4698433.3249259805,4355872.000000004
Q-learning,1,70,4416306.666666668,325957.7945356586,4742264.461202326,4416306.666666668
Q-learning,1,71,4403417.333333334,302761.7213147184,4706179.054648052,4403417.333333334
Q-learning,1,72,4411031.111111115,328707.09270634525,4739738.20381746,4411031.111111115
Q-learning,1,73,4490353.111111112,327280.4057928694,4817633.516903982,4490353.111111112
Q-learning,1,74,4430703.333333333,338234.55147910194,4768937.884812435,4430703.333333333
Q-learning,1,75,4360209.555555557,364935.2061408497,4725144.761696407,4360209.555555557
Q-learning,1,76,4372059.111111117,367656.26886010263,4739715.379971219,4372059.111111117
Q-learning,1,77,4374460.666666665,302442.43519295304,4676903.101859618,4374460.666666665
Q-learning,1,78,4500731.777777779,272348.5118185514,4773080.28959633,4500731.777777779
Q-learning,1,79,4536348.666666668,304796.7250457841,4841145.391712452,4536348.666666668
Q-learning,1,80,4553254.444444444,325526.6898085946,4878781.134253039,4553254.444444444
Q-learning,1,81,4543184.66666667,301715.3762678372,4844900.042934507,4543184.66666667
Q-learning,1,82,4554892.000000005,302065.13627370156,4856957.136273706,4554892.000000005
Q-learning,1,83,4570216.66666667,284753.2713519536,4854969.938018624,4570216.66666667
Q-learning,1,84,4496609.111111114,332554.02685357735,4829163.137964691,4496609.111111114
Q-learning,1,85,4617880.888888894,283629.2911399356,4901510.18002883,4617880.888888894
Q-learning,1,86,4553422.0,344444.11608441075,4897866.116084411,4553422.0
Q-learning,1,87,4623583.777777779,275154.87931847415,4898738.657096253,4623583.777777779
Q-learning,1,88,4523447.111111112,311743.5312597574,4835190.642370869,4523447.111111112
Q-learning,1,89,4579252.444444444,270665.2601129777,4849917.704557422,4579252.444444444
Q-learning,1,90,4535980.666666669,280151.72145645553,4816132.388123125,4535980.666666669
Q-learning,1,91,4691654.000000002,280101.9636920022,4971755.963692004,4691654.000000002
Q-learning,1,92,4597596.222222218,307490.44376810227,4905086.665990321,4597596.222222218
Q-learning,1,93,4494265.333333336,336087.69008114736,4830353.023414483,4494265.333333336
Q-learning,1,94,4607669.33333333,310616.7407990321,4918286.074132362,4607669.33333333
Q-learning,1,95,4657237.777777776,251062.20153527285,4908299.9793130485,4657237.777777776
Q-learning,1,96,4689495.33333333,221112.13020708822,4910607.463540418,4689495.33333333
Q-learning,1,97,4727911.777777777,285165.2120948204,5013076.989872597,4727911.777777777
Q-learning,1,98,4589712.222222225,233502.34139054688,4823214.563612772,4589712.222222225
Q-learning,1,99,4739308.000000003,236683.2230680103,4975991.223068013,4739308.000000003
Q-learning,1,100,4635183.333333336,265241.2950921621,4900424.628425498,4635183.333333336
Q-learning,1,101,4552456.666666662,241027.96590964895,4793484.632576311,4552456.666666662
Q-learning,1,102,4661311.777777779,314026.9022166162,4975338.679994395,4661311.777777779
Q-learning,1,103,4754861.999999997,304803.3661181315,5059665.366118128,4754861.999999997
Q-learning,1,104,4717306.222222223,261751.6391728818,4979057.861395105,4717306.222222223
Q-learning,1,105,4692184.666666667,286826.53497931786,4979011.201645985,4692184.666666667
Q-learning,1,106,4675072.8888888825,286316.895367026,4961389.784255909,4675072.8888888825
Q-learning,1,107,4719525.333333332,222170.31708178166,4941695.650415114,4719525.333333332
Q-learning,1,108,4680582.000000005,316916.9282803122,4997498.928280317,4680582.000000005
Q-learning,1,109,4510895.555555562,294943.0316607076,4805838.587216269,4510895.555555562
Q-learning,1,110,4790384.888888891,298686.38391558337,5089071.272804474,4790384.888888891
Q-learning,1,111,4735820.666666666,215813.77132966538,4951634.437996332,4735820.666666666
Q-learning,1,112,4737153.111111106,331343.9966833948,5068497.107794501,4737153.111111106
Q-learning,1,113,4553612.000000002,253433.5090849206,4807045.509084922,4553612.000000002
Q-learning,1,114,4751544.666666668,245806.5624219652,4997351.229088633,4751544.666666668
Q-learning,1,115,4824022.444444447,260744.51643585364,5084766.9608803,4824022.444444447
Q-learning,1,116,4728921.111111113,361721.8317773637,5090642.942888477,4728921.111111113
Q-learning,1,117,4522813.333333333,293659.5213533757,4816472.854686709,4522813.333333333
Q-learning,1,118,4781042.222222219,256624.87903895412,5037667.101261173,4781042.222222219
Q-learning,1,119,4697648.222222225,276317.46260691853,4973965.684829144,4697648.222222225
Q-learning,1,120,4847059.555555552,217616.16624689358,5064675.721802446,4847059.555555552
Q-learning,1,121,4858168.444444448,262893.635382466,5121062.079826914,4858168.444444448
Q-learning,1,122,4828916.888888894,316357.06940790813,5145273.958296802,4828916.888888894
Q-learning,1,123,4693122.666666665,199092.31985937647,4892214.986526041,4693122.666666665
Q-learning,1,124,4775070.444444442,270525.2537488339,5045595.698193276,4775070.444444442
Q-learning,1,125,4815877.777777784,214332.96827062688,5030210.74604841,4815877.777777784
Q-learning,1,126,4724902.000000001,206813.36999397178,4931715.369993973,4724902.000000001
Q-learning,1,127,4730581.333333338,254998.28462145125,4985579.617954789,4730581.333333338
Q-learning,1,128,4757271.555555557,210369.0702158357,4967640.625771392,4757271.555555557
Q-learning,1,129,4727426.444444443,206410.18506348477,4933836.629507928,4727426.444444443
Q-learning,1,130,4968022.666666668,232801.8465123537,5200824.513179022,4968022.666666668
Q-learning,1,131,4725068.222222227,338902.4700596158,5063970.692281842,4725068.222222227
Q-learning,1,132,4740350.666666668,295616.8833081595,5035967.549974827,4740350.666666668
Q-learning,1,133,4831717.777777772,249937.80987936194,5081655.587657134,4831717.777777772
Q-learning,1,134,4796569.333333336,280131.5315290077,5076700.864862343,4796569.333333336
Q-learning,1,135,4442422.666666663,307622.86726914253,4750045.533935806,4442422.666666663
Q-learning,1,136,4714926.666666668,256489.99151511097,4971416.658181779,4714926.666666668
Q-learning,1,137,4501778.666666666,206071.43520653094,4707850.101873197,4501778.666666666
Q-learning,2,1,3696003.111111112,428327.6977028647,4124330.8088139766,3696003.111111112
Q-learning,2,2,3721142.66666667,439208.5461832105,4160351.21284988,3721142.66666667
Q-learning,2,3,3675103.111111113,424322.5795815876,4099425.6906927004,3675103.111111113
Q-learning,2,4,3662979.555555554,406018.8276411108,4068998.383196665,3662979.555555554
Q-learning,2,5,3728526.666666666,436934.5768246331,4165461.243491299,3728526.666666666
Q-learning,2,6,3699748.444444444,451544.10409479326,4151292.548539237,3699748.444444444
Q-learning,2,7,3703689.3333333363,464867.01612423675,4168556.349457573,3703689.3333333363
Q-learning,2,8,3680767.7777777803,406406.7935042866,4087174.571282067,3680767.7777777803
Q-learning,2,9,3652860.222222222,435787.7763033082,4088647.99852553,3652860.222222222
Q-learning,2,10,3799351.5555555564,422304.65110231884,4221656.206657875,3799351.5555555564
Q-learning,2,11,3828555.5555555574,418372.6786750031,4246928.23423056,3828555.5555555574
Q-learning,2,12,3825559.777777778,409934.44585656386,4235494.223634342,3825559.777777778
Q-learning,2,13,3753174.4444444426,421003.11848103936,4174177.562925482,3753174.4444444426
Q-learning,2,14,3786408.4444444464,445127.4811135646,4231535.925558011,3786408.4444444464
Q-learning,2,15,3762444.22222222,418915.8835569148,4181360.105779135,3762444.22222222
Q-learning,2,16,3786232.6666666656,402102.86989538977,4188335.5365620553,3786232.6666666656
Q-learning,2,17,3833467.5555555555,425619.4372604281,4259086.9928159835,3833467.5555555555
Q-learning,2,18,3957425.3333333335,412801.0102111032,4370226.343544437,3957425.3333333335
Q-learning,2,19,3881256.6666666665,407111.54838670755,4288368.215053374,3881256.6666666665
Q-learning,2,20,3827182.6666666684,428755.27014618187,4255937.936812851,3827182.6666666684
Q-learning,2,21,3864724.444444446,399497.9052638961,4264222.349708342,3864724.444444446
Q-learning,2,22,3876095.3333333326,392435.96748800395,4268531.300821337,3876095.3333333326
Q-learning,2,23,3912879.333333333,404821.2395061513,4317700.572839485,3912879.333333333
Q-learning,2,24,3937350.0000000005,402629.93302696734,4339979.933026968,3937350.0000000005
Q-learning,2,25,3955949.1111111133,426930.74972268025,4382879.860833794,3955949.1111111133
Q-learning,2,26,3968271.3333333363,393559.80589881685,4361831.139232153,3968271.3333333363
Q-learning,2,27,3969249.5555555527,403475.68892907567,4372725.244484629,3969249.5555555527
Q-learning,2,28,4006263.3333333344,409826.19047565,4416089.523808984,4006263.3333333344
Q-learning,2,29,3941771.777777778,387395.44306490774,4329167.220842686,3941771.777777778
Q-learning,2,30,3950107.5555555536,388415.45144277316,4338523.006998327,3950107.5555555536
Q-learning,2,31,3968937.1111111124,395204.17443444824,4364141.2855455605,3968937.1111111124
Q-learning,2,32,3943712.222222223,412009.51986790245,4355721.742090126,3943712.222222223
Q-learning,2,33,3990208.2222222225,391643.7017601003,4381851.923982323,3990208.2222222225
Q-learning,2,34,3966733.333333335,381205.97744008526,4347939.31077342,3966733.333333335
Q-learning,2,35,4070944.666666666,366561.4606678294,4437506.127334495,4070944.666666666
Q-learning,2,36,4022367.3333333335,358993.4013863367,4381360.73471967,4022367.3333333335
Q-learning,2,37,4087966.666666666,369007.0041614434,4456973.67082811,4087966.666666666
Q-learning,2,38,4017068.444444446,366602.48190156854,4383670.926346014,4017068.444444446
Q-learning,2,39,4085032.6666666674,361750.07526879915,4446782.741935466,4085032.6666666674
Q-learning,2,40,4095093.1111111096,327112.68885245523,4422205.799963565,4095093.1111111096
Q-learning,2,41,4059610.444444444,364728.7381251117,4424339.182569556,4059610.444444444
Q-learning,2,42,4083806.8888888876,365774.7387788717,4449581.62766776,4083806.8888888876
Q-learning,2,43,4139499.999999998,376801.3350387983,4516301.335038796,4139499.999999998
Q-learning,2,44,4142958.4444444473,351151.239329573,4494109.6837740205,4142958.4444444473
Q-learning,2,45,4133180.666666664,349393.6797063983,4482574.346373063,4133180.666666664
Q-learning,2,46,4114733.333333333,342280.07478776027,4457013.408121093,4114733.333333333
Q-learning,2,47,4166210.2222222225,321420.1854880847,4487630.407710307,4166210.2222222225
Q-learning,2,48,4174700.888888892,325815.263022374,4500516.151911266,4174700.888888892
Q-learning,2,49,4206139.111111112,354509.7188033202,4560648.829914432,4206139.111111112
Q-learning,2,50,4268677.555555558,325121.8382256845,4593799.393781242,4268677.555555558
Q-learning,2,51,4157957.777777781,323488.0117900826,4481445.789567864,4157957.777777781
Q-learning,2,52,4209566.444444444,339197.5029117448,4548763.947356189,4209566.444444444
Q-learning,2,53,4226430.000000005,329614.11571101,4556044.115711015,4226430.000000005
Q-learning,2,54,4317602.22222222,316133.7581930472,4633735.980415267,4317602.22222222
Q-learning,2,55,4273582.888888885,319226.7554671299,4592809.644356015,4273582.888888885
Q-learning,2,56,4215619.333333337,330840.8946985543,4546460.228031891,4215619.333333337
Q-learning,2,57,4319815.555555557,307619.43276000454,4627434.988315562,4319815.555555557
Q-learning,2,58,4263080.666666666,325772.07698854274,4588852.7436552085,4263080.666666666
Q-learning,2,59,4230928.888888887,311919.1436108275,4542848.032499715,4230928.888888887
Q-learning,2,60,4223870.000000003,298498.63879401155,4522368.638794014,4223870.000000003
Q-learning,2,61,4236026.444444449,293974.0431555405,4530000.487599989,4236026.444444449
Q-learning,2,62,4285384.666666666,320361.01303731755,4605745.6797039835,4285384.666666666
Q-learning,2,63,4333194.88888889,323866.3775581774,4657061.266447067,4333194.88888889
Q-learning,2,64,4376170.666666667,312992.2430065867,4689162.909673254,4376170.666666667
Q-learning,2,65,4409655.999999997,319191.3807799762,4728847.380779973,4409655.999999997
Q-learning,2,66,4294138.444444444,357541.03200255823,4651679.476447002,4294138.444444444
Q-learning,2,67,4350941.777777775,296522.19817059947,4647463.975948375,4350941.777777775
Q-learning,2,68,4443614.666666669,296280.57058724586,4739895.237253915,4443614.666666669
Q-learning,2,69,4348319.999999999,298788.3385428931,4647108.338542893,4348319.999999999
Q-learning,2,70,4325294.000000001,314792.12748402666,4640086.127484027,4325294.000000001
Q-learning,2,71,4439738.444444444,275000.52816110774,4714738.972605552,4439738.444444444
Q-learning,2,72,4478991.333333335,276042.0466076222,4755033.379940957,4478991.333333335
Q-learning,2,73,4446183.11111111,281602.86511041305,4727785.976221523,4446183.11111111
Q-learning,2,74,4443317.111111113,276929.23353065905,4720246.344641772,4443317.111111113
Q-learning,2,75,4516940.000000002,284247.6306746618,4801187.630674664,4516940.000000002
Q-learning,2,76,4471711.111111111,324598.01731775684,4796309.128428868,4471711.111111111
Q-learning,2,77,4530205.777777773,312716.0531522035,4842921.830929977,4530205.777777773
Q-learning,2,78,4515526.000000003,306190.6180773378,4821716.618077341,4515526.000000003
Q-learning,2,79,4463745.111111115,294025.6912332241,4757770.802344339,4463745.111111115
Q-learning,2,80,4451376.444444451,265537.89361445047,4716914.338058901,4451376.444444451
Q-learning,2,81,4482043.11111112,353339.46352466184,4835382.574635782,4482043.11111112
Q-learning,2,82,4477770.0,280540.33816778666,4758310.338167787,4477770.0
Q-learning,2,83,4558092.666666664,308185.41473850614,4866278.08140517,4558092.666666664
Q-learning,2,84,4530637.777777779,333809.4216503973,4864447.1994281765,4530637.777777779
Q-learning,2,85,4516027.333333339,303372.8405550128,4819400.173888352,4516027.333333339
Q-learning,2,86,4616681.777777777,280995.52974577644,4897677.307523553,4616681.777777777
Q-learning,2,87,4672197.11111111,250877.91820507566,4923075.029316186,4672197.11111111
Q-learning,2,88,4597692.444444445,283301.9115249552,4880994.3559694,4597692.444444445
Q-learning,2,89,4535978.000000001,267389.2487922325,4803367.248792233,4535978.000000001
Q-learning,2,90,4671456.666666669,254269.08232141298,4925725.748988082,4671456.666666669
Q-learning,2,91,4577019.333333328,317988.35792563786,4895007.691258966,4577019.333333328
Q-learning,2,92,4633851.77777778,317879.6618706536,4951731.439648434,4633851.77777778
Q-learning,2,93,4545367.555555558,300809.8521208301,4846177.407676388,4545367.555555558
Q-learning,2,94,4731272.222222226,258821.45440523425,4990093.67662746,4731272.222222226
Q-learning,2,95,4624505.111111115,251060.27832314433,4875565.389434259,4624505.111111115
Q-learning,2,96,4701945.111111115,277907.1904686943,4979852.301579809,4701945.111111115
Q-learning,2,97,4645742.0,230500.78123090457,4876242.781230904,4645742.0
Q-learning,2,98,4661529.777777774,271431.04557799874,4932960.823355773,4661529.777777774
Q-learning,2,99,4544068.88888889,291327.7601881173,4835396.649077008,4544068.88888889
Q-learning,2,100,4608993.555555554,256189.51712482717,4865183.072680381,4608993.555555554
Q-learning,2,101,4658033.111111108,260808.4734847358,4918841.584595844,4658033.111111108
Q-learning,2,102,4613537.333333335,236637.45633013893,4850174.789663474,4613537.333333335
Q-learning,2,103,4564938.444444446,221698.27941564372,4786636.72386009,4564938.444444446
Q-learning,2,104,4615111.111111114,278230.4428167213,4893341.553927835,4615111.111111114
Q-learning,2,105,4595002.000000003,250689.3962232578,4845691.396223261,4595002.000000003
Q-learning,2,106,4782839.333333332,300869.5075731823,5083708.840906515,4782839.333333332
Q-learning,2,107,4835092.444444451,210833.39911599873,5045925.843560449,4835092.444444451
Q-learning,2,108,4647513.333333333,200045.7482186143,4847559.081551948,4647513.333333333
Q-learning,2,109,4731525.555555556,275719.23123761034,5007244.786793167,4731525.555555556
Q-learning,2,110,4847244.222222219,219717.71735104872,5066961.9395732675,4847244.222222219
Q-learning,2,111,4740499.777777783,262199.1434135481,5002698.921191331,4740499.777777783
Q-learning,2,112,4668200.444444446,213381.83701455794,4881582.281459004,4668200.444444446
Q-learning,2,113,4889347.777777778,204095.0510551088,5093442.828832887,4889347.777777778
Q-learning,2,114,4750007.999999999,302600.6986093459,5052608.698609345,4750007.999999999
Q-learning,2,115,4526200.000000001,253080.89824527845,4779280.89824528,4526200.000000001
Q-learning,2,116,4613787.333333336,363374.1777979649,4977161.511131301,4613787.333333336
Q-learning,2,117,4796008.0,234436.72266647586,5030444.722666476,4796008.0
Q-learning,2,118,4704531.11111111,208223.6870457374,4912754.798156847,4704531.11111111
Q-learning,2,119,4640902.666666665,407930.5432161055,5048833.209882771,4640902.666666665
Q-learning,2,120,4729049.333333332,219328.23139569102,4948377.564729023,4729049.333333332
Q-learning,2,121,4819669.33333333,250669.90492914454,5070339.238262475,4819669.33333333
Q-learning,2,122,4727703.999999999,270387.22086979053,4998091.22086979,4727703.999999999
Q-learning,2,123,4628210.000000003,266928.4135132615,4895138.413513265,4628210.000000003
Q-learning,2,124,4606391.999999999,279737.6790192255,4886129.679019225,4606391.999999999
Q-learning,2,125,4827302.222222225,208204.99729161846,5035507.219513843,4827302.222222225
Q-learning,2,126,4943904.888888894,219650.29342582298,5163555.182314716,4943904.888888894
Q-learning,2,127,4640939.333333329,242733.52017319825,4883672.853506528,4640939.333333329
Q-learning,2,128,4605388.222222221,287243.6316062163,4892631.853828438,4605388.222222221
Q-learning,2,129,4560604.888888892,264742.86596212763,4825347.754851019,4560604.888888892
Q-learning,2,130,4533748.444444448,264742.53930350306,4798490.983747951,4533748.444444448
Q-learning,2,131,4695702.444444449,269999.2730015765,4965701.717446025,4695702.444444449
Q-learning,2,132,4597234.888888889,253016.2006061425,4850251.089495031,4597234.888888889
Q-learning,2,133,4585588.66666667,326087.90822967165,4911676.574896341,4585588.66666667
Q-learning,2,134,4509897.999999999,286526.1857530307,4796424.18575303,4509897.999999999
Q-learning,2,135,4772033.555555552,235104.15861082292,5007137.714166375,4772033.555555552
Q-learning,2,136,4625671.77777778,236436.90934396975,4862108.68712175,4625671.77777778
Q-learning,2,137,4590466.000000001,215693.10631549172,4806159.106315493,4590466.000000001
Q-learning,4,1,3690491.111111109,424891.7202810142,4115382.8313921234,3690491.111111109
Q-learning,4,2,3687824.88888889,436072.2662427837,4123897.1551316734,3687824.88888889
Q-learning,4,3,3700594.0000000023,408590.75376901607,4109184.753769018,3700594.0000000023
Q-learning,4,4,3704390.4444444436,426213.7735976865,4130604.21804213,3704390.4444444436
Q-learning,4,5,3717149.999999999,436572.75439123303,4153722.754391232,3717149.999999999
Q-learning,4,6,3740954.222222222,417349.6070002018,4158303.829222424,3740954.222222222
Q-learning,4,7,3788734.444444446,410190.8600649859,4198925.304509432,3788734.444444446
Q-learning,4,8,3759361.777777778,434162.81675663736,4193524.5945344153,3759361.777777778
Q-learning,4,9,3742239.999999999,432146.0374684983,4174386.037468497,3742239.999999999
Q-learning,4,10,3772596.4444444436,392684.94340405427,4165281.387848498,3772596.4444444436
Q-learning,4,11,3821319.555555555,416459.36745884217,4237778.923014397,3821319.555555555
Q-learning,4,12,3739440.4444444454,428224.98383748677,4167665.428281932,3739440.4444444454
Q-learning,4,13,3764466.000000002,426230.6941926716,4190696.6941926735,3764466.000000002
Q-learning,4,14,3809164.666666666,415475.70256605285,4224640.369232719,3809164.666666666
Q-learning,4,15,3860557.111111112,386381.2698523226,4246938.380963434,3860557.111111112
Q-learning,4,16,3891656.4444444454,412701.04535446357,4304357.489798909,3891656.4444444454
Q-learning,4,17,3835751.77777778,416881.40092630766,4252633.178704088,3835751.77777778
Q-learning,4,18,3912760.666666664,398620.6445762181,4311381.311242882,3912760.666666664
Q-learning,4,19,3894851.11111111,390559.34128356416,4285410.4523946745,3894851.11111111
Q-learning,4,20,3917733.555555558,375202.05916401575,4292935.614719573,3917733.555555558
Q-learning,4,21,3887110.2222222225,415028.6860221878,4302138.9082444105,3887110.2222222225
Q-learning,4,22,3903303.7777777775,394935.9328237978,4298239.710601576,3903303.7777777775
Q-learning,4,23,3960415.1111111096,370305.14932217525,4330720.260433285,3960415.1111111096
Q-learning,4,24,3964039.111111111,390842.3515589159,4354881.462670027,3964039.111111111
Q-learning,4,25,3993611.999999997,395189.12638930185,4388801.126389299,3993611.999999997
Q-learning,4,26,3938278.444444443,387052.3402033346,4325330.784647778,3938278.444444443
Q-learning,4,27,3949890.8888888923,393839.95613580936,4343730.845024701,3949890.8888888923
Q-learning,4,28,3992304.4444444464,388529.68244819227,4380834.126892638,3992304.4444444464
Q-learning,4,29,4055773.3333333335,364697.8072258399,4420471.140559173,4055773.3333333335
Q-learning,4,30,4009249.555555557,362460.3357123104,4371709.891267868,4009249.555555557
Q-learning,4,31,3992775.111111112,359989.11465093744,4352764.22576205,3992775.111111112
Q-learning,4,32,4085626.222222223,363906.6515178739,4449532.873740097,4085626.222222223
Q-learning,4,33,3993051.7777777785,382185.54031136684,4375237.318089145,3993051.7777777785
Q-learning,4,34,4073472.22222222,391509.69335416926,4464981.915576389,4073472.22222222
Q-learning,4,35,4024669.5555555546,384053.0724773744,4408722.628032929,4024669.5555555546
Q-learning,4,36,4035530.888888889,368249.5627595694,4403780.451648459,4035530.888888889
Q-learning,4,37,4100186.6666666665,370081.861033985,4470268.527700651,4100186.6666666665
Q-learning,4,38,4096705.333333332,346375.343607752,4443080.676941084,4096705.333333332
Q-learning,4,39,4139210.4444444436,371924.9433048954,4511135.3877493385,4139210.4444444436
Q-learning,4,40,4130400.2222222234,355662.21844825393,4486062.440670477,4130400.2222222234
Q-learning,4,41,4100289.333333331,371669.1704531913,4471958.503786523,4100289.333333331
Q-learning,4,42,4113890.222222222,370887.8262587832,4484778.048481005,4113890.222222222
Q-learning,4,43,4123805.777777774,354259.35244782415,4478065.130225598,4123805.777777774
Q-learning,4,44,4166777.77777778,367746.3730832944,4534524.150861074,4166777.77777778
Q-learning,4,45,4177856.222222225,352222.8621502398,4530079.084372465,4177856.222222225
Q-learning,4,46,4189998.8888888923,369958.4762025165,4559957.365091409,4189998.8888888923
Q-learning,4,47,4196916.888888888,332016.2457631821,4528933.13465207,4196916.888888888
Q-learning,4,48,4244335.777777776,356361.98193323787,4600697.759711014,4244335.777777776
Q-learning,4,49,4282144.000000001,341054.28710506164,4623198.287105063,4282144.000000001
Q-learning,4,50,4260786.444444445,365939.53416073264,4626725.978605177,4260786.444444445
Q-learning,4,51,4234264.88888889,322682.7692652373,4556947.658154127,4234264.88888889
Q-learning,4,52,4300962.88888889,332299.00543133676,4633261.894320226,4300962.88888889
Q-learning,4,53,4290380.000000003,331883.8216619896,4622263.821661992,4290380.000000003
Q-learning,4,54,4269578.666666668,366704.8836052328,4636283.5502719,4269578.666666668
Q-learning,4,55,4238396.444444448,348653.87238342484,4587050.316827873,4238396.444444448
Q-learning,4,56,4264280.444444444,342547.6162204409,4606828.060664885,4264280.444444444
Q-learning,4,57,4311378.222222224,339750.30813350336,4651128.530355727,4311378.222222224
Q-learning,4,58,4310919.555555554,330625.10250050086,4641544.658056055,4310919.555555554
Q-learning,4,59,4323272.000000002,374862.05239552096,4698134.052395523,4323272.000000002
Q-learning,4,60,4399907.333333338,342560.44420741586,4742467.777540754,4399907.333333338
Q-learning,4,61,4289396.000000002,325409.797275659,4614805.797275661,4289396.000000002
Q-learning,4,62,4364502.222222219,332416.61770735745,4696918.839929577,4364502.222222219
Q-learning,4,63,4330875.111111112,338943.15298795357,4669818.264099065,4330875.111111112
Q-learning,4,64,4335471.111111115,307537.5235341306,4643008.634645245,4335471.111111115
Q-learning,4,65,4424324.444444444,322369.66704682773,4746694.111491272,4424324.444444444
Q-learning,4,66,4414672.666666668,337146.80513836775,4751819.471805036,4414672.666666668
Q-learning,4,67,4399302.000000002,341223.09751165117,4740525.097511653,4399302.000000002
Q-learning,4,68,4377620.888888893,304406.13057569024,4682027.019464583,4377620.888888893
Q-learning,4,69,4448682.44444444,299297.53104586015,4747979.9754903,4448682.44444444
Q-learning,4,70,4313502.888888892,387247.5243953608,4700750.413284252,4313502.888888892
Q-learning,4,71,4388482.666666663,293062.14793587825,4681544.814602542,4388482.666666663
Q-learning,4,72,4443076.444444443,352501.4386341984,4795577.883078641,4443076.444444443
Q-learning,4,73,4475962.222222228,294317.68034770514,4770279.902569933,4475962.222222228
Q-learning,4,74,4464544.222222221,306036.06360841746,4770580.285830638,4464544.222222221
Q-learning,4,75,4430420.88888889,297367.3367990882,4727788.225687978,4430420.88888889
Q-learning,4,76,4509214.000000002,352019.60652697104,4861233.606526973,4509214.000000002
Q-learning,4,77,4524914.666666664,310439.62786081096,4835354.294527475,4524914.666666664
Q-learning,4,78,4571858.000000003,270811.942407743,4842669.942407746,4571858.000000003
Q-learning,4,79,4580550.444444447,284455.40545929846,4865005.849903746,4580550.444444447
Q-learning,4,80,4501028.666666663,348330.17050277116,4849358.837169435,4501028.666666663
Q-learning,4,81,4632557.11111111,263352.7803535472,4895909.891464657,4632557.11111111
Q-learning,4,82,4605340.444444449,275941.002114225,4881281.446558674,4605340.444444449
Q-learning,4,83,4549753.555555556,293339.66358251194,4843093.219138068,4549753.555555556
Q-learning,4,84,4532367.777777784,268528.2400578594,4800896.017835643,4532367.777777784
Q-learning,4,85,4493886.000000001,270981.06332944566,4764867.063329447,4493886.000000001
Q-learning,4,86,4614788.888888888,253616.66323420798,4868405.552123096,4614788.888888888
Q-learning,4,87,4645433.999999994,268079.61816358904,4913513.618163584,4645433.999999994
Q-learning,4,88,4661058.0,259891.7590135618,4920949.7590135615,4661058.0
Q-learning,4,89,4595296.444444446,328934.39624182583,4924230.840686272,4595296.444444446
Q-learning,4,90,4666657.777777775,277653.76231771096,4944311.540095486,4666657.777777775
Q-learning,4,91,4648126.888888894,279620.08517568593,4927746.974064579,4648126.888888894
Q-learning,4,92,4640886.888888896,289504.71364125615,4930391.602530153,4640886.888888896
Q-learning,4,93,4671680.222222224,269518.9034646077,4941199.125686832,4671680.222222224
Q-learning,4,94,4696653.111111108,246767.05781635654,4943420.168927465,4696653.111111108
Q-learning,4,95,4733338.666666666,244531.1150531446,4977869.78171981,4733338.666666666
Q-learning,4,96,4703120.222222225,300336.1811805945,5003456.403402819,4703120.222222225
Q-learning,4,97,4633968.444444445,288435.2660355534,4922403.710479998,4633968.444444445
Q-learning,4,98,4727988.88888889,215574.9339256172,4943563.822814507,4727988.88888889
Q-learning,4,99,4572103.333333336,307074.00851300603,4879177.341846342,4572103.333333336
Q-learning,4,100,4687548.222222218,264267.1575382471,4951815.379760466,4687548.222222218
Q-learning,4,101,4702238.222222224,286693.2915458063,4988931.51376803,4702238.222222224
Q-learning,4,102,4628410.666666664,273596.23769509135,4902006.904361756,4628410.666666664
Q-learning,4,103,4604889.9999999935,246709.81989737475,4851599.819897369,4604889.9999999935
Q-learning,4,104,4671714.666666667,247631.3751463169,4919346.041812984,4671714.666666667
Q-learning,4,105,4763247.333333331,229941.91943775472,4993189.252771086,4763247.333333331
Q-learning,4,106,4668002.666666666,338209.20996863913,5006211.876635306,4668002.666666666
Q-learning,4,107,4796028.444444443,264533.7976644669,5060562.24210891,4796028.444444443
Q-learning,4,108,4698919.77777778,187096.8089840403,4886016.58676182,4698919.77777778
Q-learning,4,109,4690213.333333331,194088.53056490532,4884301.863898236,4690213.333333331
Q-learning,4,110,4687186.888888892,193070.88476961473,4880257.773658507,4687186.888888892
Q-learning,4,111,4567522.666666664,339428.5446285254,4906951.211295189,4567522.666666664
Q-learning,4,112,4726017.77777778,248281.80712152857,4974299.584899308,4726017.77777778
Q-learning,4,113,4819914.888888885,216123.92114071827,5036038.810029604,4819914.888888885
Q-learning,4,114,4876055.333333332,226157.73561157205,5102213.068944904,4876055.333333332
Q-learning,4,115,4827137.777777778,280365.07445819513,5107502.852235973,4827137.777777778
Q-learning,4,116,4567030.444444446,265156.6745144005,4832187.118958847,4567030.444444446
Q-learning,4,117,4635697.33333333,209302.38615865103,4844999.719491981,4635697.33333333
Q-learning,4,118,4607497.777777782,261919.17791384205,4869416.9556916235,4607497.777777782
Q-learning,4,119,4699051.555555554,216041.61485230015,4915093.170407854,4699051.555555554
Q-learning,4,120,4644463.555555558,263201.6045137238,4907665.160069281,4644463.555555558
Q-learning,4,121,4792916.666666665,200820.40438794653,4993737.071054611,4792916.666666665
Q-learning,4,122,4723934.888888891,285144.66309470625,5009079.551983597,4723934.888888891
Q-learning,4,123,4636117.777777781,185227.9794718818,4821345.757249663,4636117.777777781
Q-learning,4,124,4518682.000000003,286337.52076135704,4805019.5207613595,4518682.000000003
Q-learning,4,125,4708429.555555555,191077.9820752559,4899507.537630811,4708429.555555555
Q-learning,4,126,4789486.888888893,250582.86209426125,5040069.750983154,4789486.888888893
Q-learning,4,127,4419548.888888892,264910.95077413856,4684459.839663031,4419548.888888892
Q-learning,4,128,4714472.22222222,221541.185230067,4936013.407452287,4714472.22222222
Q-learning,4,129,4677541.999999999,244125.23504366053,4921667.23504366,4677541.999999999
Q-learning,4,130,4679175.333333338,283474.89017389575,4962650.223507233,4679175.333333338
Q-learning,4,131,4484581.777777783,302676.2435090918,4787258.021286874,4484581.777777783
Q-learning,4,132,4900095.555555563,187115.1148531512,5087210.670408715,4900095.555555563
Q-learning,4,133,4733305.333333336,168165.2435354471,4901470.576868783,4733305.333333336
Q-learning,4,134,4670051.333333334,272759.468828224,4942810.802161558,4670051.333333334
Q-learning,4,135,4592019.777777781,236320.07457222158,4828339.852350002,4592019.777777781
Q-learning,4,136,4761286.888888889,215448.91811092422,4976735.806999813,4761286.888888889
Q-learning,4,137,4585296.444444447,284702.4599380273,4869998.904382474,4585296.444444447
Q-learning,5,1,3661107.3333333335,423963.30134832556,4085070.634681659,3661107.3333333335
Q-learning,5,2,3619116.888888892,433260.2115023644,4052377.100391256,3619116.888888892
Q-learning,5,3,3752166.444444443,422942.3547309546,4175108.7991753975,3752166.444444443
Q-learning,5,4,3659733.5555555536,431329.1140117671,4091062.6695673205,3659733.5555555536
Q-learning,5,5,3645061.333333331,404553.57299533446,4049614.9063286656,3645061.333333331
Q-learning,5,6,3732918.444444444,437477.1634598359,4170395.60790428,3732918.444444444
Q-learning,5,7,3698432.4444444454,442312.5197710585,4140744.964215504,3698432.4444444454
Q-learning,5,8,3748627.3333333335,433066.6021234001,4181693.9354567337,3748627.3333333335
Q-learning,5,9,3735047.777777778,429950.6206819909,4164998.398459769,3735047.777777778
Q-learning,5,10,3726415.555555556,413549.12053573196,4139964.6760912878,3726415.555555556
Q-learning,5,11,3791026.6666666656,433879.09436279436,4224905.76102946,3791026.6666666656
Q-learning,5,12,3750231.9999999995,422697.10880057217,4172929.108800572,3750231.9999999995
Q-learning,5,13,3822871.9999999986,428957.95766168286,4251829.957661682,3822871.9999999986
Q-learning,5,14,3855347.111111109,412816.28406276193,4268163.395173871,3855347.111111109
Q-learning,5,15,3862130.888888886,425203.1657599383,4287334.054648824,3862130.888888886
Q-learning,5,16,3891035.111111111,400141.5825687256,4291176.693679837,3891035.111111111
Q-learning,5,17,3825531.5555555574,365623.49851395126,4191155.054069509,3825531.5555555574
Q-learning,5,18,3864868.2222222257,402804.8747635413,4267673.096985767,3864868.2222222257
Q-learning,5,19,3848284.8888888876,404406.0263892928,4252690.9152781805,3848284.8888888876
Q-learning,5,20,3872105.11111111,399973.82025907555,4272078.931370186,3872105.11111111
Q-learning,5,21,3952740.4444444417,386595.32028850296,4339335.764732945,3952740.4444444417
Q-learning,5,22,3985346.8888888885,380322.7198541899,4365669.608743078,3985346.8888888885
Q-learning,5,23,3961210.4444444436,406224.40651441616,4367434.85095886,3961210.4444444436
Q-learning,5,24,3864736.66666667,414062.43806651386,4278799.104733184,3864736.66666667
Q-learning,5,25,3850539.3333333354,374789.0373255192,4225328.370658855,3850539.3333333354
Q-learning,5,26,3944177.3333333326,418693.4530704475,4362870.78640378,3944177.3333333326
Q-learning,5,27,3930100.666666667,385287.65230813465,4315388.318974801,3930100.666666667
Q-learning,5,28,3891248.666666667,401115.30916443974,4292363.975831106,3891248.666666667
Q-learning,5,29,4003934.000000004,405035.49608596845,4408969.4960859725,4003934.000000004
Q-learning,5,30,3995367.7777777803,375740.1451384578,4371107.922916238,3995367.7777777803
Q-learning,5,31,4006842.000000001,394476.4251898712,4401318.425189872,4006842.000000001
Q-learning,5,32,3934986.8888888895,389959.0073065397,4324945.896195429,3934986.8888888895
Q-learning,5,33,3992705.555555559,372178.2812782511,4364883.83683381,3992705.555555559
Q-learning,5,34,4033034.2222222225,367421.5139306021,4400455.736152825,4033034.2222222225
Q-learning,5,35,4016069.555555554,366126.87671478454,4382196.432270339,4016069.555555554
Q-learning,5,36,4049190.444444443,361280.7098291791,4410471.154273622,4049190.444444443
Q-learning,5,37,4015287.1111111096,366640.7398886604,4381927.85099977,4015287.1111111096
Q-learning,5,38,4036635.1111111077,361521.0994070221,4398156.21051813,4036635.1111111077
Q-learning,5,39,4074818.222222222,404821.78039496276,4479640.002617185,4074818.222222222
Q-learning,5,40,4148088.222222221,346932.3708295909,4495020.593051812,4148088.222222221
Q-learning,5,41,4093433.999999999,387904.6493575857,4481338.649357585,4093433.999999999
Q-learning,5,42,4124568.666666669,350672.6254631711,4475241.29212984,4124568.666666669
Q-learning,5,43,4106831.5555555574,394169.9274604379,4501001.4830159955,4106831.5555555574
Q-learning,5,44,4069348.8888888876,361782.87961310864,4431131.768501996,4069348.8888888876
Q-learning,5,45,4191237.3333333316,369331.242450853,4560568.575784185,4191237.3333333316
Q-learning,5,46,4132472.0000000005,348954.73239532893,4481426.7323953295,4132472.0000000005
Q-learning,5,47,4164539.3333333363,360959.93567914964,4525499.269012486,4164539.3333333363
Q-learning,5,48,4186427.555555555,328635.0332642719,4515062.588819827,4186427.555555555
Q-learning,5,49,4200410.444444447,387733.7847207635,4588144.22916521,4200410.444444447
Q-learning,5,50,4147818.2222222197,371793.0780003872,4519611.300222607,4147818.2222222197
Q-learning,5,51,4170218.2222222197,372744.24875156785,4542962.470973788,4170218.2222222197
Q-learning,5,52,4210553.777777779,334696.0485421709,4545249.82631995,4210553.777777779
Q-learning,5,53,4211723.333333332,358486.52931516117,4570209.862648494,4211723.333333332
Q-learning,5,54,4198043.555555557,367107.6287129602,4565151.184268517,4198043.555555557
Q-learning,5,55,4254317.11111111,349018.6034695646,4603335.714580675,4254317.11111111
Q-learning,5,56,4222517.111111113,351314.0990636548,4573831.210174767,4222517.111111113
Q-learning,5,57,4270329.333333332,354048.73184731166,4624378.065180643,4270329.333333332
Q-learning,5,58,4296864.888888891,333265.4400637137,4630130.328952605,4296864.888888891
Q-learning,5,59,4282300.22222222,348239.5056306887,4630539.727852909,4282300.22222222
Q-learning,5,60,4284219.777777778,350714.90549655224,4634934.683274331,4284219.777777778
Q-learning,5,61,4333063.777777778,323722.55663797824,4656786.334415756,4333063.777777778
Q-learning,5,62,4344133.777777782,324434.7135800536,4668568.491357835,4344133.777777782
Q-learning,5,63,4350031.777777776,332448.9628957286,4682480.740673505,4350031.777777776
Q-learning,5,64,4426955.333333327,344008.86817558395,4770964.201508911,4426955.333333327
Q-learning,5,65,4454482.222222224,326095.13004318357,4780577.352265407,4454482.222222224
Q-learning,5,66,4358768.666666669,328491.94706400414,4687260.613730673,4358768.666666669
Q-learning,5,67,4400776.222222221,301238.36794411554,4702014.590166337,4400776.222222221
Q-learning,5,68,4395467.555555557,322859.8566785542,4718327.412234111,4395467.555555557
Q-learning,5,69,4410406.222222225,333069.4128402895,4743475.635062514,4410406.222222225
Q-learning,5,70,4410254.888888885,344178.6186237115,4754433.507512596,4410254.888888885
Q-learning,5,71,4402650.444444445,309113.13621394755,4711763.580658393,4402650.444444445
Q-learning,5,72,4347679.555555558,320830.1288252654,4668509.684380823,4347679.555555558
Q-learning,5,73,4501836.444444444,337482.4680233634,4839318.9124678075,4501836.444444444
Q-learning,5,74,4414081.555555558,311962.00764779217,4726043.56320335,4414081.555555558
Q-learning,5,75,4444910.444444442,343857.82397818845,4788768.268422631,4444910.444444442
Q-learning,5,76,4460112.888888891,333059.58578255103,4793172.474671442,4460112.888888891
Q-learning,5,77,4532465.777777777,276840.37435033504,4809306.1521281125,4532465.777777777
Q-learning,5,78,4571593.111111109,308916.5365189549,4880509.647630064,4571593.111111109
Q-learning,5,79,4523273.111111115,304986.5626288283,4828259.673739943,4523273.111111115
Q-learning,5,80,4452849.333333334,306948.70785276464,4759798.041186099,4452849.333333334
Q-learning,5,81,4558733.555555555,277112.2201540008,4835845.7757095555,4558733.555555555
Q-learning,5,82,4504325.333333335,307252.4935927212,4811577.826926056,4504325.333333335
Q-learning,5,83,4408354.444444447,336030.01739408815,4744384.461838535,4408354.444444447
Q-learning,5,84,4503636.666666664,304127.3619150696,4807764.028581734,4503636.666666664
Q-learning,5,85,4475751.777777781,347863.11928694474,4823614.897064726,4475751.777777781
Q-learning,5,86,4553196.000000001,301323.0784614736,4854519.078461475,4553196.000000001
Q-learning,5,87,4597624.0,310680.79154663224,4908304.791546633,4597624.0
Q-learning,5,88,4572398.444444449,274955.4328610652,4847353.877305514,4572398.444444449
Q-learning,5,89,4629062.888888884,254480.04072504936,4883542.929613934,4629062.888888884
Q-learning,5,90,4629678.222222225,246974.79828899878,4876653.020511224,4629678.222222225
Q-learning,5,91,4576455.999999998,281364.8154363905,4857820.815436388,4576455.999999998
Q-learning,5,92,4613668.444444447,264058.6240184976,4877727.068462945,4613668.444444447
Q-learning,5,93,4486048.222222221,304374.33728329855,4790422.559505519,4486048.222222221
Q-learning,5,94,4736801.777777783,244771.98273047007,4981573.760508252,4736801.777777783
Q-learning,5,95,4607900.222222221,268301.939925803,4876202.162148024,4607900.222222221
Q-learning,5,96,4558101.333333333,333321.41076974163,4891422.744103075,4558101.333333333
Q-learning,5,97,4493224.222222224,366636.6141899005,4859860.836412124,4493224.222222224
Q-learning,5,98,4437689.555555554,360067.0939715922,4797756.6495271465,4437689.555555554
Q-learning,5,99,4606799.777777775,360116.55637168617,4966916.334149461,4606799.777777775
Q-learning,5,100,4725804.666666669,285479.59649573534,5011284.263162404,4725804.666666669
Q-learning,5,101,4691474.222222219,252828.7118703994,4944302.9340926185,4691474.222222219
Q-learning,5,102,4597086.666666666,216944.3607338721,4814031.027400538,4597086.666666666
Q-learning,5,103,4655319.333333337,262759.0229670299,4918078.356300367,4655319.333333337
Q-learning,5,104,4717726.888888892,272789.5038690244,4990516.392757916,4717726.888888892
Q-learning,5,105,4480529.999999997,358840.90986359987,4839370.909863597,4480529.999999997
Q-learning,5,106,4666589.333333333,295620.32846064604,4962209.661793979,4666589.333333333
Q-learning,5,107,4760862.88888889,214211.59349549518,4975074.482384386,4760862.88888889
Q-learning,5,108,4633526.0,240864.04140933618,4874390.041409336,4633526.0
Q-learning,5,109,4681270.2222222295,256393.4101408249,4937663.632363054,4681270.2222222295
Q-learning,5,110,4771990.000000003,229695.1663818136,5001685.166381816,4771990.000000003
Q-learning,5,111,4689713.111111113,215502.9575887844,4905216.068699897,4689713.111111113
Q-learning,5,112,4779506.666666666,216007.10523472185,4995513.771901388,4779506.666666666
Q-learning,5,113,4669879.55555556,201863.77793166987,4871743.333487229,4669879.55555556
Q-learning,5,114,4691730.666666666,279269.1122494395,4970999.778916106,4691730.666666666
Q-learning,5,115,4756552.666666664,264957.8543377032,5021510.521004368,4756552.666666664
Q-learning,5,116,4854150.888888894,244524.9194177004,5098675.808306594,4854150.888888894
Q-learning,5,117,4711690.888888885,225473.57870507563,4937164.46759396,4711690.888888885
Q-learning,5,118,4745060.444444443,248762.517753059,4993822.962197502,4745060.444444443
Q-learning,5,119,4849338.000000004,193787.17945409045,5043125.179454094,4849338.000000004
Q-learning,5,120,4672904.888888889,371755.15709521424,5044660.045984103,4672904.888888889
Q-learning,5,121,4653472.444444448,240066.77335689234,4893539.21780134,4653472.444444448
Q-learning,5,122,4507216.666666667,328404.15485888126,4835620.821525549,4507216.666666667
Q-learning,5,123,4849129.555555553,224369.34591026607,5073498.901465819,4849129.555555553
Q-learning,5,124,4714216.888888887,314212.04639213247,5028428.93528102,4714216.888888887
Q-learning,5,125,4631727.555555555,191002.79681612944,4822730.352371684,4631727.555555555
Q-learning,5,126,4731534.888888887,294964.02096791746,5026498.909856805,4731534.888888887
Q-learning,5,127,4810856.0,277718.06922880304,5088574.069228803,4810856.0
Q-learning,5,128,4758552.444444447,199453.1851722564,4958005.629616703,4758552.444444447
Q-learning,5,129,4721706.444444442,263954.03163110977,4985660.476075552,4721706.444444442
Q-learning,5,130,4734559.55555555,281324.60513934575,5015884.160694896,4734559.55555555
Q-learning,5,131,4786689.111111108,232634.46721446002,5019323.578325568,4786689.111111108
Q-learning,5,132,4563420.666666667,242047.45378978527,4805468.1204564525,4563420.666666667
Q-learning,5,133,4780435.999999996,260219.59512733732,5040655.595127334,4780435.999999996
Q-learning,5,134,4544783.333333333,301993.6175928974,4846776.95092623,4544783.333333333
Q-learning,5,135,4648910.888888888,195611.52138376597,4844522.410272654,4648910.888888888
Q-learning,5,136,4502802.444444442,339348.7107958698,4842151.155240312,4502802.444444442
Q-learning,5,137,4603768.444444447,334288.94829834666,4938057.392742793,4603768.444444447
Q-learning,3,1,3653101.111111113,462669.06356778136,4115770.174678894,3653101.111111113
Q-learning,3,2,3614993.1111111124,431364.9138601322,4046358.024971245,3614993.1111111124
Q-learning,3,3,3690896.666666666,430535.56550602394,4121432.23217269,3690896.666666666
Q-learning,3,4,3723412.4444444464,421800.3519233646,4145212.796367811,3723412.4444444464
Q-learning,3,5,3738828.4444444426,425169.46934622055,4163997.9137906632,3738828.4444444426
Q-learning,3,6,3757213.555555555,430351.5702659851,4187565.12582154,3757213.555555555
Q-learning,3,7,3743949.3333333316,458297.7057205175,4202247.039053849,3743949.3333333316
Q-learning,3,8,3770181.555555556,411498.96974804706,4181680.525303603,3770181.555555556
Q-learning,3,9,3725928.000000001,415811.827679691,4141739.827679692,3725928.000000001
Q-learning,3,10,3773440.2222222225,433506.95039454865,4206947.172616771,3773440.2222222225
Q-learning,3,11,3723980.2222222215,448967.5934775907,4172947.815699812,3723980.2222222215
Q-learning,3,12,3837307.777777779,437553.94053873385,4274861.718316513,3837307.777777779
Q-learning,3,13,3804842.6666666674,442865.58609470545,4247708.252761373,3804842.6666666674
Q-learning,3,14,3800524.6666666656,411779.10188325564,4212303.768549921,3800524.6666666656
Q-learning,3,15,3806831.9999999995,407007.6334872768,4213839.633487277,3806831.9999999995
Q-learning,3,16,3875970.2222222225,428825.2595384606,4304795.4817606835,3875970.2222222225
Q-learning,3,17,3848778.88888889,418208.9824212284,4266987.871310119,3848778.88888889
Q-learning,3,18,3841174.666666669,398793.8004735159,4239968.467140185,3841174.666666669
Q-learning,3,19,3839482.666666667,417371.5782254312,4256854.244892098,3839482.666666667
Q-learning,3,20,3916296.2222222206,389389.2470008545,4305685.469223076,3916296.2222222206
Q-learning,3,21,3894139.5555555536,403677.24734375265,4297816.802899307,3894139.5555555536
Q-learning,3,22,3894666.8888888913,405010.41007414256,4299677.298963034,3894666.8888888913
Q-learning,3,23,3896822.0000000005,400907.74047126644,4297729.740471267,3896822.0000000005
Q-learning,3,24,3910755.111111111,399100.15572322905,4309855.26683434,3910755.111111111
Q-learning,3,25,3951286.0000000037,398054.8108056224,4349340.810805626,3951286.0000000037
Q-learning,3,26,4014049.9999999995,402302.45972224645,4416352.459722246,4014049.9999999995
Q-learning,3,27,3983118.222222221,376097.78419023234,4359216.006412453,3983118.222222221
Q-learning,3,28,4026671.999999999,365800.0823120962,4392472.082312095,4026671.999999999
Q-learning,3,29,3970318.222222221,389337.285009289,4359655.50723151,3970318.222222221
Q-learning,3,30,3954531.7777777812,383932.7727932789,4338464.55057106,3954531.7777777812
Q-learning,3,31,3984492.0000000014,397082.8177295518,4381574.817729553,3984492.0000000014
Q-learning,3,32,3994369.7777777826,394408.92910499533,4388778.706882778,3994369.7777777826
Q-learning,3,33,3924864.8888888895,406701.91001067794,4331566.798899568,3924864.8888888895
Q-learning,3,34,4085250.0000000014,367590.0320887946,4452840.032088796,4085250.0000000014
Q-learning,3,35,4071985.333333336,389911.42315285536,4461896.756486191,4071985.333333336
Q-learning,3,36,4121887.9999999977,380370.80034602043,4502258.800346018,4121887.9999999977
Q-learning,3,37,4049121.5555555564,387666.58632980514,4436788.141885362,4049121.5555555564
Q-learning,3,38,4079332.666666662,360306.6715079412,4439639.338174603,4079332.666666662
Q-learning,3,39,4066406.4444444426,398819.68194511445,4465226.1263895575,4066406.4444444426
Q-learning,3,40,4090438.2222222215,380479.7975691635,4470918.019791385,4090438.2222222215
Q-learning,3,41,4136604.6666666665,368571.62642115017,4505176.293087817,4136604.6666666665
Q-learning,3,42,4104644.8888888927,337791.47593567503,4442436.364824568,4104644.8888888927
Q-learning,3,43,4129732.0000000023,349938.9322170522,4479670.932217054,4129732.0000000023
Q-learning,3,44,4127698.444444444,349651.2667579253,4477349.711202369,4127698.444444444
Q-learning,3,45,4171992.4444444478,379343.0094730024,4551335.45391745,4171992.4444444478
Q-learning,3,46,4213037.11111111,349585.3515736009,4562622.462684711,4213037.11111111
Q-learning,3,47,4227022.222222221,348981.5040793189,4576003.72630154,4227022.222222221
Q-learning,3,48,4206410.666666668,350376.9207916663,4556787.587458334,4206410.666666668
Q-learning,3,49,4190653.5555555536,341397.3618455877,4532050.9174011415,4190653.5555555536
Q-learning,3,50,4166535.3333333307,343828.5313157005,4510363.864649031,4166535.3333333307
Q-learning,3,51,4314884.222222219,351470.597818914,4666354.820041133,4314884.222222219
Q-learning,3,52,4244304.444444447,327559.14516038005,4571863.589604827,4244304.444444447
Q-learning,3,53,4236897.555555555,352656.8895596686,4589554.4451152235,4236897.555555555
Q-learning,3,54,4263142.888888888,324252.69771050184,4587395.58659939,4263142.888888888
Q-learning,3,55,4212218.0,320372.75646139216,4532590.756461392,4212218.0
Q-learning,3,56,4220134.222222224,352040.5568228586,4572174.779045083,4220134.222222224
Q-learning,3,57,4340737.999999999,314087.56239923683,4654825.562399236,4340737.999999999
Q-learning,3,58,4289594.666666668,325548.1453042255,4615142.811970893,4289594.666666668
Q-learning,3,59,4369123.333333332,308164.8951123673,4677288.228445699,4369123.333333332
Q-learning,3,60,4304897.111111109,332911.7286044046,4637808.839715513,4304897.111111109
Q-learning,3,61,4349532.888888892,293508.089467235,4643040.978356127,4349532.888888892
Q-learning,3,62,4374947.111111109,315077.3074015843,4690024.418512694,4374947.111111109
Q-learning,3,63,4427096.222222223,312440.64401599095,4739536.866238214,4427096.222222223
Q-learning,3,64,4315858.000000003,353146.248620269,4669004.248620272,4315858.000000003
Q-learning,3,65,4338200.888888887,322364.5151162198,4660565.404005107,4338200.888888887
Q-learning,3,66,4412506.22222222,299314.8401937064,4711821.062415927,4412506.22222222
Q-learning,3,67,4325240.6666666595,341810.90408618224,4667051.570752841,4325240.6666666595
Q-learning,3,68,4357036.444444445,343219.59836151724,4700256.042805962,4357036.444444445
Q-learning,3,69,4409453.333333333,282201.65813616785,4691654.991469501,4409453.333333333
Q-learning,3,70,4393767.333333335,293899.72460705234,4687667.057940387,4393767.333333335
Q-learning,3,71,4435799.777777783,331288.6989077084,4767088.476685491,4435799.777777783
Q-learning,3,72,4499758.666666668,285962.45662682055,4785721.123293488,4499758.666666668
Q-learning,3,73,4445821.33333333,269125.8859037881,4714947.219237118,4445821.33333333
Q-learning,3,74,4398288.444444445,260019.93017281152,4658308.374617256,4398288.444444445
Q-learning,3,75,4503519.33333333,271288.400619238,4774807.733952568,4503519.33333333
Q-learning,3,76,4445315.999999996,319392.65071329894,4764708.650713295,4445315.999999996
Q-learning,3,77,4412189.333333332,303963.15810057987,4716152.491433912,4412189.333333332
Q-learning,3,78,4490233.555555552,318882.9658276917,4809116.521383244,4490233.555555552
Q-learning,3,79,4581929.111111111,278777.9568586873,4860707.067969798,4581929.111111111
Q-learning,3,80,4543623.77777778,268291.7709137905,4811915.548691571,4543623.77777778
Q-learning,3,81,4578275.999999998,269889.5136900809,4848165.513690079,4578275.999999998
Q-learning,3,82,4532442.44444444,322795.26760483487,4855237.712049276,4532442.44444444
Q-learning,3,83,4646265.555555561,259081.18650635434,4905346.742061915,4646265.555555561
Q-learning,3,84,4585676.666666667,270960.1142165683,4856636.780883235,4585676.666666667
Q-learning,3,85,4545867.111111111,250598.47887053364,4796465.589981644,4545867.111111111
Q-learning,3,86,4482937.777777776,295456.198314173,4778393.976091949,4482937.777777776
Q-learning,3,87,4441346.444444446,419450.0734078674,4860796.517852313,4441346.444444446
Q-learning,3,88,4584557.111111107,271346.0193071997,4855903.130418307,4584557.111111107
Q-learning,3,89,4519656.222222218,305681.24705090706,4825337.469273126,4519656.222222218
Q-learning,3,90,4508819.333333336,288882.5357372593,4797701.869070595,4508819.333333336
Q-learning,3,91,4534795.333333333,351303.67661964055,4886099.009952974,4534795.333333333
Q-learning,3,92,4582681.333333331,279222.63909462985,4861903.972427961,4582681.333333331
Q-learning,3,93,4660016.444444451,296863.4137004773,4956879.858144928,4660016.444444451
Q-learning,3,94,4450238.222222223,292510.668404913,4742748.8906271355,4450238.222222223
Q-learning,3,95,4576490.666666662,308256.17796979204,4884746.844636454,4576490.666666662
Q-learning,3,96,4661646.000000002,251111.27225532316,4912757.272255325,4661646.000000002
Q-learning,3,97,4634797.333333336,242450.3352685065,4877247.668601843,4634797.333333336
Q-learning,3,98,4634367.777777781,331532.44783008186,4965900.225607863,4634367.777777781
Q-learning,3,99,4723942.444444444,250963.14253732198,4974905.586981766,4723942.444444444
Q-learning,3,100,4733921.777777777,231522.17798728202,4965443.955765059,4733921.777777777
Q-learning,3,101,4721348.000000002,269764.9691013624,4991112.969101364,4721348.000000002
Q-learning,3,102,4732182.666666666,223528.92616918197,4955711.592835848,4732182.666666666
Q-learning,3,103,4733133.1111111175,203857.94918934823,4936991.060300466,4733133.1111111175
Q-learning,3,104,4672319.555555558,269459.3209965978,4941778.876552155,4672319.555555558
Q-learning,3,105,4541224.222222229,295463.73058765836,4836687.952809887,4541224.222222229
Q-learning,3,106,4587754.666666667,206791.39344030397,4794546.060106971,4587754.666666667
Q-learning,3,107,4669545.555555562,212175.895815611,4881721.451371172,4669545.555555562
Q-learning,3,108,4685033.555555555,276382.7497165647,4961416.30527212,4685033.555555555
Q-learning,3,109,4650048.0,240659.8883077037,4890707.888307704,4650048.0
Q-learning,3,110,4838188.44444445,250648.1597509922,5088836.604195442,4838188.44444445
Q-learning,3,111,4630517.555555551,194640.57430630768,4825158.129861859,4630517.555555551
Q-learning,3,112,4781179.555555557,198120.73449228378,4979300.290047841,4781179.555555557
Q-learning,3,113,4837144.0,198585.72414984886,5035729.724149849,4837144.0
Q-learning,3,114,4538293.777777783,256376.92891399466,4794670.706691777,4538293.777777783
Q-learning,3,115,4632371.333333336,262895.6541894887,4895266.987522825,4632371.333333336
Q-learning,3,116,4538195.11111111,248697.04477025184,4786892.155881362,4538195.11111111
Q-learning,3,117,4715358.000000002,174290.9112024391,4889648.911202441,4715358.000000002
Q-learning,3,118,4631098.666666667,276938.42477971304,4908037.09144638,4631098.666666667
Q-learning,3,119,4709960.222222226,295322.13443923,5005282.356661456,4709960.222222226
Q-learning,3,120,4533097.555555556,280714.96361034596,4813812.5191659015,4533097.555555556
Q-learning,3,121,4561407.777777779,193601.40392202162,4755009.1816998,4561407.777777779
Q-learning,3,122,4779106.888888888,277921.54984336713,5057028.438732255,4779106.888888888
Q-learning,3,123,4581231.777777777,271692.05201190826,4852923.829789685,4581231.777777777
Q-learning,3,124,4708236.0,203681.4292273172,4911917.429227317,4708236.0
Q-learning,3,125,4487245.777777777,282897.78056132834,4770143.558339105,4487245.777777777
Q-learning,3,126,4853962.22222222,195230.70647206975,5049192.92869429,4853962.22222222
Q-learning,3,127,4621132.666666665,224619.21290414737,4845751.879570813,4621132.666666665
Q-learning,3,128,4766164.666666663,208051.5614844622,4974216.228151126,4766164.666666663
Q-learning,3,129,4685539.777777773,226208.91621797974,4911748.693995753,4685539.777777773
Q-learning,3,130,4714387.999999996,291184.0100924591,5005572.010092455,4714387.999999996
Q-learning,3,131,4637660.666666667,257279.93091834252,4894940.597585009,4637660.666666667
Q-learning,3,132,4612230.444444449,238127.42103409462,4850357.865478544,4612230.444444449
Q-learning,3,133,4438683.111111108,288614.5405793273,4727297.651690436,4438683.111111108
Q-learning,3,134,4463698.444444447,289098.7842791384,4752797.228723586,4463698.444444447
Q-learning,3,135,4663178.444444448,270075.517972795,4933253.962417243,4663178.444444448
Q-learning,3,136,4523626.222222223,166291.066643113,4689917.288865336,4523626.222222223
Q-learning,3,137,4475033.333333335,178276.03522961776,4653309.368562953,4475033.333333335
PPO,1,1,4579872.0,356147.0045802175,4936019.004580217,4579872.0
PPO,1,2,4582168.0,352875.40710321255,4935043.407103213,4582168.0
PPO,1,3,4602968.0,354883.3577976865,4957851.357797686,4602968.0
PPO,1,4,4577576.0,358222.3758076433,4935798.375807643,4577576.0
PPO,1,5,4591600.0,355678.01832861506,4947278.018328615,4591600.0
PPO,1,6,4586416.0,354879.19366243784,4941295.193662438,4586416.0
PPO,1,7,4593456.0,356826.95871076704,4950282.958710767,4593456.0
PPO,1,8,4586560.0,350531.51955777,4937091.51955777,4586560.0
PPO,1,9,4593608.0,354835.21974139946,4948443.219741399,4593608.0
PPO,1,10,4569064.0,349383.63218699035,4918447.63218699,4569064.0
PPO,1,11,4601128.0,354382.1400743425,4955510.1400743425,4601128.0
PPO,1,12,4573144.0,353391.46027566935,4926535.46027567,4573144.0
PPO,1,13,4591040.0,351743.0952664949,4942783.095266495,4591040.0
PPO,1,14,4576952.0,346850.3750507724,4923802.375050772,4576952.0
PPO,1,15,4593160.0,357919.26879236,4951079.26879236,4593160.0
PPO,1,16,4592400.0,356838.31919449614,4949238.319194496,4592400.0
PPO,1,17,4583656.0,355524.17383019475,4939180.173830194,4583656.0
PPO,1,18,4578608.0,351208.20800963783,4929816.208009638,4578608.0
PPO,1,19,4616304.0,356384.2657434711,4972688.265743471,4616304.0
PPO,1,20,4587208.0,355363.98037541186,4942571.980375412,4587208.0
PPO,1,21,4591688.0,354821.46522642166,4946509.465226422,4591688.0
PPO,1,22,4586544.0,354678.66975441534,4941222.669754416,4586544.0
PPO,1,23,4594040.0,354602.31892023893,4948642.318920239,4594040.0
PPO,1,24,4598784.0,353109.12213633256,4951893.122136332,4598784.0
PPO,1,25,4581760.0,355651.91326843126,4937411.913268431,4581760.0
PPO,1,26,4580672.0,355711.82524030725,4936383.8252403075,4580672.0
PPO,1,27,4606168.0,356276.36156356777,4962444.361563568,4606168.0
PPO,1,28,4603384.0,354219.56229939323,4957603.562299393,4603384.0
PPO,1,29,4577896.0,348017.1524353227,4925913.152435322,4577896.0
PPO,1,30,4603024.0,353437.4146609447,4956461.414660945,4603024.0
PPO,1,31,4595008.0,354358.18745930406,4949366.187459304,4595008.0
PPO,1,32,4588080.0,356461.9374870095,4944541.93748701,4588080.0
PPO,1,33,4589088.0,358009.42163742054,4947097.421637421,4589088.0
PPO,1,34,4578608.0,355275.8818315912,4933883.881831591,4578608.0
PPO,1,35,4588352.0,356152.93316985876,4944504.9331698585,4588352.0
PPO,1,36,4593128.0,352960.2005601717,4946088.200560172,4593128.0
PPO,1,37,4597008.0,356864.6126142394,4953872.61261424,4597008.0
PPO,1,38,4599080.0,354212.13943862147,4953292.139438622,4599080.0
PPO,1,39,4605400.0,352353.31409068336,4957753.314090683,4605400.0
PPO,1,40,4587880.0,352308.80037267145,4940188.800372671,4587880.0
PPO,1,41,4572160.0,346012.02229498327,4918172.022294983,4572160.0
PPO,1,42,4587600.0,354129.94207572774,4941729.9420757275,4587600.0
PPO,1,43,4591928.0,351342.7301898323,4943270.730189832,4591928.0
PPO,1,44,4580976.0,357440.56942428293,4938416.569424283,4580976.0
PPO,1,45,4582904.0,353744.19077924284,4936648.190779243,4582904.0
PPO,1,46,4590400.0,353579.34610234946,4943979.346102349,4590400.0
PPO,1,47,4589832.0,352810.77135681425,4942642.771356815,4589832.0
PPO,1,48,4595648.0,358173.8128372098,4953821.81283721,4595648.0
PPO,1,49,4580408.0,346975.63095995656,4927383.630959957,4580408.0
PPO,1,50,4619296.0,356093.6963592397,4975389.6963592395,4619296.0
PPO,1,51,4584184.0,348971.50355755404,4933155.503557554,4584184.0
PPO,1,52,4621824.0,353389.128622119,4975213.128622119,4621824.0
PPO,1,53,4606776.0,353143.6982074654,4959919.698207465,4606776.0
PPO,1,54,4580728.0,351159.9469850847,4931887.946985085,4580728.0
PPO,1,55,4586824.0,354674.97422483825,4941498.974224838,4586824.0
PPO,1,56,4595296.0,352842.8975469086,4948138.897546909,4595296.0
PPO,1,57,4587456.0,353729.3229681361,4941185.3229681365,4587456.0
PPO,1,58,4576088.0,352500.99305480754,4928588.993054807,4576088.0
PPO,1,59,4591200.0,349011.5420534627,4940211.542053463,4591200.0
PPO,1,60,4600336.0,354104.9791412398,4954440.97914124,4600336.0
PPO,1,61,4599312.0,353047.63016538153,4952359.630165381,4599312.0
PPO,1,62,4598488.0,353998.71338802116,4952486.713388021,4598488.0
PPO,1,63,4577512.0,350172.4031375477,4927684.403137548,4577512.0
PPO,1,64,4606056.0,353059.10590280365,4959115.105902804,4606056.0
PPO,1,65,4619704.0,352288.9827868605,4971992.98278686,4619704.0
PPO,1,66,4566856.0,350858.6901357207,4917714.690135721,4566856.0
PPO,1,67,4584352.0,352869.52877007617,4937221.528770076,4584352.0
PPO,1,68,4584376.0,355781.19192399527,4940157.1919239955,4584376.0
PPO,1,69,4606448.0,355922.95294097776,4962370.952940978,4606448.0
PPO,1,70,4591840.0,358086.4346143009,4949926.434614301,4591840.0
PPO,1,71,4588424.0,352532.7410444562,4940956.741044456,4588424.0
PPO,1,72,4575912.0,354458.9642997025,4930370.964299702,4575912.0
PPO,1,73,4585264.0,352143.7331891683,4937407.733189168,4585264.0
PPO,1,74,4599968.0,350326.95024525904,4950294.950245259,4599968.0
PPO,1,75,4575368.0,351639.26943490136,4927007.269434901,4575368.0
PPO,1,76,4596224.0,354443.42024198506,4950667.4202419855,4596224.0
PPO,1,77,4601864.0,353716.84803741326,4955580.848037413,4601864.0
PPO,1,78,4596792.0,354029.5075820211,4950821.507582021,4596792.0
PPO,1,79,4591672.0,351782.0219166545,4943454.021916655,4591672.0
PPO,1,80,4587888.0,353564.97933063656,4941452.979330637,4587888.0
PPO,1,81,4588264.0,351852.30081991886,4940116.3008199185,4588264.0
PPO,1,82,4617296.0,351276.20043052366,4968572.200430524,4617296.0
PPO,1,83,4589896.0,358738.3420200778,4948634.342020078,4589896.0
PPO,1,84,4588256.0,355361.4943215514,4943617.494321551,4588256.0
PPO,1,85,4591608.0,357101.6681158046,4948709.668115805,4591608.0
PPO,1,86,4586552.0,352247.8308401917,4938799.830840192,4586552.0
PPO,1,87,4585896.0,355619.1833459563,4941515.183345957,4585896.0
PPO,1,88,4580528.0,352111.5745700496,4932639.5745700495,4580528.0
PPO,1,89,4573760.0,353899.161580917,4927659.161580917,4573760.0
PPO,1,90,4593136.0,353805.4034729014,4946941.403472901,4593136.0
PPO,1,91,4574688.0,350748.61109672097,4925436.611096721,4574688.0
PPO,1,92,4565440.0,356356.13512829243,4921796.135128292,4565440.0
PPO,1,93,4602008.0,354005.1907279277,4956013.190727928,4602008.0
PPO,1,94,4605336.0,352191.9686604399,4957527.96866044,4605336.0
PPO,1,95,4580480.0,351317.005341888,4931797.005341888,4580480.0
PPO,1,96,4592392.0,350419.1743625164,4942811.174362516,4592392.0
PPO,1,97,4569616.0,354747.07269680826,4924363.072696809,4569616.0
PPO,1,98,4585064.0,346564.5037427559,4931628.503742756,4585064.0
PPO,1,99,4600480.0,354402.90477903496,4954882.904779035,4600480.0
PPO,1,100,4584968.0,356226.1444913531,4941194.144491353,4584968.0
PPO,1,101,4576512.0,358388.8702051165,4934900.870205116,4576512.0
PPO,1,102,4572088.0,352340.37083894626,4924428.370838947,4572088.0
PPO,1,103,4569768.0,351116.2829112857,4920884.282911286,4569768.0
PPO,1,104,4598032.0,354876.82502814743,4952908.825028148,4598032.0
PPO,1,105,4590440.0,351504.06656672136,4941944.066566722,4590440.0
PPO,1,106,4581432.0,358772.30784014455,4940204.307840144,4581432.0
PPO,1,107,4585040.0,356560.984060172,4941600.984060172,4585040.0
PPO,1,108,4587552.0,355811.2905841206,4943363.290584121,4587552.0
PPO,1,109,4616968.0,353169.6441663345,4970137.6441663345,4616968.0
PPO,1,110,4595312.0,351373.1142559391,4946685.114255939,4595312.0
PPO,1,111,4616176.0,353206.2044094101,4969382.20440941,4616176.0
PPO,1,112,4603320.0,353656.37178685685,4956976.371786857,4603320.0
PPO,1,113,4580032.0,352055.8719707593,4932087.87197076,4580032.0
PPO,1,114,4597944.0,351575.41804035986,4949519.418040359,4597944.0
PPO,1,115,4588568.0,349697.96911581577,4938265.969115816,4588568.0
PPO,1,116,4585552.0,351799.9713366518,4937351.971336652,4585552.0
PPO,1,117,4575024.0,349273.7238312117,4924297.723831212,4575024.0
PPO,1,118,4615920.0,356977.22310452064,4972897.223104521,4615920.0
PPO,1,119,4598672.0,356862.6985915924,4955534.698591593,4598672.0
PPO,1,120,4590248.0,353750.2657680323,4943998.2657680325,4590248.0
PPO,1,121,4599344.0,353977.2501083827,4953321.250108383,4599344.0
PPO,1,122,4591640.0,351438.4863911456,4943078.486391146,4591640.0
PPO,1,123,4573640.0,354292.0074145015,4927932.007414501,4573640.0
PPO,1,124,4584400.0,356172.51233912865,4940572.512339128,4584400.0
PPO,1,125,4607968.0,352133.26964623807,4960101.269646239,4607968.0
PPO,1,126,4589776.0,353049.7833059427,4942825.783305943,4589776.0
PPO,1,127,4597032.0,356856.8178481211,4953888.817848121,4597032.0
PPO,1,128,4582184.0,352946.09295234096,4935130.092952341,4582184.0
PPO,1,129,4567832.0,351938.3831610208,4919770.38316102,4567832.0
PPO,1,130,4578832.0,353606.92426338966,4932438.92426339,4578832.0
PPO,1,131,4586160.0,353161.48773007706,4939321.4877300775,4586160.0
PPO,1,132,4591960.0,356256.4666683336,4948216.466668334,4591960.0
PPO,1,133,4619504.0,355308.04187530297,4974812.041875303,4619504.0
PPO,1,134,4588192.0,357997.5410474036,4946189.541047404,4588192.0
PPO,1,135,4595672.0,354859.7823971717,4950531.7823971715,4595672.0
PPO,1,136,4588032.0,352562.63398234564,4940594.633982345,4588032.0
PPO,1,137,4579928.0,357263.99961150525,4937191.999611505,4579928.0
PPO,2,1,4565024.0,355698.41120718885,4920722.411207189,4565024.0
PPO,2,2,4588360.0,357331.98288854724,4945691.982888548,4588360.0
PPO,2,3,4596360.0,355602.555873893,4951962.555873893,4596360.0
PPO,2,4,4581024.0,355307.89940611407,4936331.899406114,4581024.0
PPO,2,5,4567960.0,354261.3609861999,4922221.3609862,4567960.0
PPO,2,6,4589016.0,354351.1549142624,4943367.154914263,4589016.0
PPO,2,7,4586056.0,355281.041295091,4941337.041295091,4586056.0
PPO,2,8,4594160.0,350445.0709208759,4944605.070920876,4594160.0
PPO,2,9,4580048.0,352400.32040395576,4932448.320403956,4580048.0
PPO,2,10,4564648.0,348450.7947076712,4913098.794707671,4564648.0
PPO,2,11,4585976.0,350907.9035465703,4936883.90354657,4585976.0
PPO,2,12,4570176.0,355305.7195846151,4925481.719584615,4570176.0
PPO,2,13,4555152.0,354294.2981759675,4909446.298175967,4555152.0
PPO,2,14,4595664.0,352022.94896851026,4947686.94896851,4595664.0
PPO,2,15,4572784.0,350299.50136869325,4923083.501368693,4572784.0
PPO,2,16,4606080.0,353750.29108017945,4959830.29108018,4606080.0
PPO,2,17,4597880.0,355580.961084997,4953460.961084997,4597880.0
PPO,2,18,4586496.0,352821.96634557354,4939317.966345574,4586496.0
PPO,2,19,4555568.0,353446.04017165635,4909014.040171657,4555568.0
PPO,2,20,4581128.0,350133.18750653457,4931261.187506534,4581128.0
PPO,2,21,4594152.0,351831.49086810614,4945983.4908681065,4594152.0
PPO,2,22,4582416.0,351268.5508707094,4933684.550870709,4582416.0
PPO,2,23,4578256.0,353563.88134526054,4931819.881345261,4578256.0
PPO,2,24,4594192.0,354429.40019475453,4948621.400194755,4594192.0
PPO,2,25,4565984.0,357571.18068999733,4923555.180689997,4565984.0
PPO,2,26,4587208.0,354161.86972679384,4941369.869726794,4587208.0
PPO,2,27,4603256.0,358450.6370441689,4961706.637044169,4603256.0
PPO,2,28,4594936.0,354231.7134220168,4949167.713422017,4594936.0
PPO,2,29,4575416.0,349464.7124421885,4924880.7124421885,4575416.0
PPO,2,30,4585440.0,351768.3185519458,4937208.3185519455,4585440.0
PPO,2,31,4603320.0,352593.0057916764,4955913.005791676,4603320.0
PPO,2,32,4601608.0,355712.85112869064,4957320.851128691,4601608.0
PPO,2,33,4603032.0,355048.021960388,4958080.021960388,4603032.0
PPO,2,34,4577512.0,353213.91769770987,4930725.91769771,4577512.0
PPO,2,35,4604576.0,354779.984027912,4959355.984027912,4604576.0
PPO,2,36,4583912.0,354400.850796487,4938312.850796487,4583912.0
PPO,2,37,4582240.0,352915.68478608987,4935155.68478609,4582240.0
PPO,2,38,4550272.0,353433.9300677649,4903705.930067765,4550272.0
PPO,2,39,4581544.0,357764.68916643324,4939308.689166433,4581544.0
PPO,2,40,4592824.0,352808.2933453505,4945632.293345351,4592824.0
PPO,2,41,4598416.0,356045.67679230595,4954461.676792306,4598416.0
PPO,2,42,4593624.0,351936.16094036715,4945560.160940367,4593624.0
PPO,2,43,4582776.0,355190.2453895238,4937966.245389524,4582776.0
PPO,2,44,4578880.0,352139.13835114706,4931019.138351147,4578880.0
PPO,2,45,4611872.0,354744.3819609561,4966616.381960956,4611872.0
PPO,2,46,4567704.0,355074.2773611873,4922778.277361187,4567704.0
PPO,2,47,4604312.0,354470.71905586246,4958782.719055862,4604312.0
PPO,2,48,4580464.0,352338.9439620222,4932802.943962023,4580464.0
PPO,2,49,4604144.0,352641.9081034311,4956785.908103431,4604144.0
PPO,2,50,4594952.0,355467.3936260673,4950419.393626068,4594952.0
PPO,2,51,4601528.0,353521.7761281682,4955049.776128168,4601528.0
PPO,2,52,4595264.0,352968.08627488086,4948232.086274881,4595264.0
PPO,2,53,4594568.0,347355.17384890694,4941923.1738489065,4594568.0
PPO,2,54,4585056.0,355260.7091830847,4940316.709183085,4585056.0
PPO,2,55,4580920.0,353765.28496795957,4934685.28496796,4580920.0
PPO,2,56,4618448.0,353292.6047699795,4971740.60476998,4618448.0
PPO,2,57,4595256.0,352546.31012963847,4947802.310129639,4595256.0
PPO,2,58,4573864.0,355623.26667258417,4929487.266672584,4573864.0
PPO,2,59,4596088.0,356343.1518678665,4952431.1518678665,4596088.0
PPO,2,60,4593112.0,353089.3794751268,4946201.379475127,4593112.0
PPO,2,61,4587568.0,351844.81540398084,4939412.815403981,4587568.0
PPO,2,62,4590952.0,355320.7301646218,4946272.730164622,4590952.0
PPO,2,63,4572664.0,354644.46918972896,4927308.469189729,4572664.0
PPO,2,64,4592312.0,353549.1446615042,4945861.144661504,4592312.0
PPO,2,65,4591728.0,351014.81443752564,4942742.814437525,4591728.0
PPO,2,66,4557248.0,350564.5483671638,4907812.548367164,4557248.0
PPO,2,67,4604448.0,350658.22739269666,4955106.227392697,4604448.0
PPO,2,68,4579584.0,348836.41302032274,4928420.413020323,4579584.0
PPO,2,69,4578824.0,353571.00072344404,4932395.000723444,4578824.0
PPO,2,70,4588896.0,357995.80578687333,4946891.805786873,4588896.0
PPO,2,71,4575536.0,351503.10959253553,4927039.1095925355,4575536.0
PPO,2,72,4577152.0,354539.2050124251,4931691.205012425,4577152.0
PPO,2,73,4588048.0,354783.0497996974,4942831.0497996975,4588048.0
PPO,2,74,4577984.0,351698.16693551204,4929682.166935512,4577984.0
PPO,2,75,4583256.0,354388.4442994836,4937644.444299484,4583256.0
PPO,2,76,4574440.0,350615.8280845768,4925055.828084577,4574440.0
PPO,2,77,4597400.0,354467.1074072668,4951867.107407267,4597400.0
PPO,2,78,4582112.0,352984.50421800726,4935096.504218007,4582112.0
PPO,2,79,4568552.0,353669.66140649945,4922221.661406499,4568552.0
PPO,2,80,4604072.0,353867.6521203902,4957939.65212039,4604072.0
PPO,2,81,4590608.0,352106.43493134226,4942714.4349313425,4590608.0
PPO,2,82,4600888.0,354311.2314434228,4955199.231443423,4600888.0
PPO,2,83,4592992.0,355289.0877202022,4948281.087720202,4592992.0
PPO,2,84,4582264.0,350877.68534675014,4933141.685346751,4582264.0
PPO,2,85,4566824.0,350868.6500330723,4917692.650033073,4566824.0
PPO,2,86,4590520.0,355322.02176439634,4945842.021764397,4590520.0
PPO,2,87,4573312.0,353037.2567775421,4926349.256777542,4573312.0
PPO,2,88,4580856.0,354064.82114995935,4934920.821149959,4580856.0
PPO,2,89,4581760.0,351416.4061198411,4933176.406119841,4581760.0
PPO,2,90,4587432.0,353186.2748155704,4940618.274815571,4587432.0
PPO,2,91,4568896.0,354459.74500019115,4923355.745000191,4568896.0
PPO,2,92,4589024.0,359550.6651492148,4948574.665149215,4589024.0
PPO,2,93,4603888.0,352910.2008620713,4956798.2008620715,4603888.0
PPO,2,94,4589376.0,357855.88361050945,4947231.883610509,4589376.0
PPO,2,95,4574496.0,353697.201661694,4928193.201661694,4574496.0
PPO,2,96,4583536.0,351802.30993156607,4935338.309931566,4583536.0
PPO,2,97,4592000.0,352677.1395465851,4944677.139546585,4592000.0
PPO,2,98,4571160.0,354021.3157137644,4925181.315713764,4571160.0
PPO,2,99,4591416.0,352155.2724349659,4943571.272434966,4591416.0
PPO,2,100,4571464.0,355200.6526551225,4926664.652655123,4571464.0
PPO,2,101,4588056.0,354779.66772889026,4942835.667728891,4588056.0
PPO,2,102,4594304.0,359507.9530579992,4953811.953057999,4594304.0
PPO,2,103,4582824.0,358180.5366490791,4941004.536649079,4582824.0
PPO,2,104,4582504.0,351646.0071947225,4934150.007194722,4582504.0
PPO,2,105,4576792.0,352015.98322662,4928807.98322662,4576792.0
PPO,2,106,4593344.0,355360.6787332737,4948704.678733273,4593344.0
PPO,2,107,4568768.0,353674.93434412393,4922442.934344124,4568768.0
PPO,2,108,4592400.0,358915.65846197,4951315.65846197,4592400.0
PPO,2,109,4573408.0,353378.66885643796,4926786.668856438,4573408.0
PPO,2,110,4581048.0,352390.6584057702,4933438.658405771,4581048.0
PPO,2,111,4584424.0,355840.3961108004,4940264.3961108,4584424.0
PPO,2,112,4582432.0,356597.5775435224,4939029.577543522,4582432.0
PPO,2,113,4586864.0,353608.34312449646,4940472.343124497,4586864.0
PPO,2,114,4574096.0,354303.1666244525,4928399.166624453,4574096.0
PPO,2,115,4589440.0,351124.03091237915,4940564.030912379,4589440.0
PPO,2,116,4605232.0,353159.9614889602,4958391.96148896,4605232.0
PPO,2,117,4581928.0,352376.4696287434,4934304.469628744,4581928.0
PPO,2,118,4594728.0,358485.4431742332,4953213.443174234,4594728.0
PPO,2,119,4592936.0,353608.3406425206,4946544.34064252,4592936.0
PPO,2,120,4569536.0,348940.82917737257,4918476.829177372,4569536.0
PPO,2,121,4596744.0,352711.23636114865,4949455.236361149,4596744.0
PPO,2,122,4581320.0,356981.38978059235,4938301.389780592,4581320.0
PPO,2,123,4591616.0,358366.68439277814,4949982.684392778,4591616.0
PPO,2,124,4592128.0,353369.1403402409,4945497.140340241,4592128.0
PPO,2,125,4581936.0,355642.7428420391,4937578.742842039,4581936.0
PPO,2,126,4582360.0,352652.0283859628,4935012.028385963,4582360.0
PPO,2,127,4594984.0,352657.72783610306,4947641.727836103,4594984.0
PPO,2,128,4602816.0,357553.3923105504,4960369.39231055,4602816.0
PPO,2,129,4572128.0,352525.2382108851,4924653.238210885,4572128.0
PPO,2,130,4594520.0,353228.2509971127,4947748.250997113,4594520.0
PPO,2,131,4589640.0,352107.09872817283,4941747.0987281725,4589640.0
PPO,2,132,4574112.0,351022.55095635884,4925134.550956359,4574112.0
PPO,2,133,4585928.0,356016.77760051953,4941944.777600519,4585928.0
PPO,2,134,4566856.0,348892.2129291283,4915748.212929129,4566856.0
PPO,2,135,4585280.0,356150.6490584742,4941430.649058474,4585280.0
PPO,2,136,4581024.0,357877.10329469404,4938901.103294694,4581024.0
PPO,2,137,4572504.0,351659.0276515329,4924163.027651533,4572504.0
PPO,4,1,4582648.0,350055.2371276279,4932703.237127628,4582648.0
PPO,4,2,4596048.0,355997.01279640663,4952045.012796407,4596048.0
PPO,4,3,4597080.0,359432.9074738192,4956512.907473819,4597080.0
PPO,4,4,4570008.0,355485.21518632263,4925493.215186323,4570008.0
PPO,4,5,4577576.0,357004.5324562364,4934580.532456236,4577576.0
PPO,4,6,4588576.0,355391.52568184386,4943967.525681844,4588576.0
PPO,4,7,4578496.0,354669.19837117323,4933165.198371173,4578496.0
PPO,4,8,4588976.0,354072.0520851642,4943048.052085164,4588976.0
PPO,4,9,4588240.0,354482.0607128163,4942722.060712816,4588240.0
PPO,4,10,4584024.0,353875.5189060129,4937899.518906013,4584024.0
PPO,4,11,4577928.0,353776.81327928,4931704.81327928,4577928.0
PPO,4,12,4600048.0,357332.42561634124,4957380.425616342,4600048.0
PPO,4,13,4566528.0,356998.77171003056,4923526.771710031,4566528.0
PPO,4,14,4565096.0,353979.06493110466,4919075.064931105,4565096.0
PPO,4,15,4584488.0,353001.0641594994,4937489.0641594995,4584488.0
PPO,4,16,4594896.0,356255.2854280333,4951151.285428033,4594896.0
PPO,4,17,4594936.0,352878.6579050854,4947814.657905085,4594936.0
PPO,4,18,4577984.0,350675.1614209541,4928659.161420954,4577984.0
PPO,4,19,4569032.0,354926.3772341942,4923958.377234194,4569032.0
PPO,4,20,4587824.0,356334.9493559992,4944158.949355999,4587824.0
PPO,4,21,4587304.0,355895.1690502053,4943199.1690502055,4587304.0
PPO,4,22,4579736.0,356091.3063941785,4935827.306394178,4579736.0
PPO,4,23,4583168.0,351085.7017450273,4934253.701745028,4583168.0
PPO,4,24,4578880.0,351164.03547883907,4930044.035478839,4578880.0
PPO,4,25,4587624.0,357456.6221514069,4945080.6221514065,4587624.0
PPO,4,26,4585920.0,356789.83937061304,4942709.839370613,4585920.0
PPO,4,27,4580504.0,352443.9638765516,4932947.963876552,4580504.0
PPO,4,28,4587616.0,354671.7754956827,4942287.775495683,4587616.0
PPO,4,29,4597720.0,352203.25337023713,4949923.253370238,4597720.0
PPO,4,30,4577760.0,354167.03645939694,4931927.036459397,4577760.0
PPO,4,31,4607832.0,351297.1837833489,4959129.183783349,4607832.0
PPO,4,32,4608936.0,350787.601338388,4959723.601338388,4608936.0
PPO,4,33,4589432.0,352283.98995345074,4941715.989953451,4589432.0
PPO,4,34,4583184.0,351268.5679347151,4934452.567934715,4583184.0
PPO,4,35,4598552.0,356991.327567218,4955543.327567218,4598552.0
PPO,4,36,4585232.0,353475.31404304144,4938707.314043041,4585232.0
PPO,4,37,4593072.0,350504.1534631613,4943576.153463162,4593072.0
PPO,4,38,4583320.0,356070.42806870764,4939390.428068708,4583320.0
PPO,4,39,4587824.0,354581.91853752726,4942405.918537527,4587824.0
PPO,4,40,4597600.0,357756.0542016715,4955356.054201672,4597600.0
PPO,4,41,4609192.0,354935.1480499379,4964127.148049938,4609192.0
PPO,4,42,4572824.0,354410.55473295465,4927234.554732955,4572824.0
PPO,4,43,4584200.0,353586.60439399607,4937786.604393996,4584200.0
PPO,4,44,4586656.0,356549.4790015164,4943205.4790015165,4586656.0
PPO,4,45,4578608.0,352288.2720698653,4930896.272069865,4578608.0
PPO,4,46,4594592.0,356632.1105789892,4951224.11057899,4594592.0
PPO,4,47,4582208.0,352025.31692701444,4934233.316927015,4582208.0
PPO,4,48,4575752.0,352737.5357018878,4928489.535701888,4575752.0
PPO,4,49,4597744.0,353690.90110881627,4951434.901108816,4597744.0
PPO,4,50,4595112.0,355722.08109705383,4950834.081097053,4595112.0
PPO,4,51,4567528.0,351504.13407171675,4919032.134071717,4567528.0
PPO,4,52,4585528.0,351820.5977842904,4937348.59778429,4585528.0
PPO,4,53,4583648.0,352758.4590170602,4936406.45901706,4583648.0
PPO,4,54,4603840.0,351963.26846974675,4955803.268469747,4603840.0
PPO,4,55,4604536.0,351164.553476368,4955700.553476368,4604536.0
PPO,4,56,4576136.0,350886.5590138056,4927022.559013805,4576136.0
PPO,4,57,4583480.0,353818.5186554311,4937298.518655431,4583480.0
PPO,4,58,4602992.0,351909.25476583786,4954901.254765837,4602992.0
PPO,4,59,4578528.0,351000.1024573826,4929528.102457383,4578528.0
PPO,4,60,4602400.0,355604.0314293278,4958004.031429328,4602400.0
PPO,4,61,4606096.0,354899.29787399527,4960995.297873995,4606096.0
PPO,4,62,4609000.0,356045.5922024003,4965045.592202401,4609000.0
PPO,4,63,4582776.0,351712.5847644872,4934488.584764487,4582776.0
PPO,4,64,4587256.0,352624.7220102853,4939880.722010286,4587256.0
PPO,4,65,4581016.0,351626.30916187447,4932642.309161874,4581016.0
PPO,4,66,4612560.0,352965.57828836393,4965525.578288364,4612560.0
PPO,4,67,4588080.0,348405.8645921256,4936485.864592126,4588080.0
PPO,4,68,4582136.0,355596.1541041411,4937732.1541041415,4582136.0
PPO,4,69,4599736.0,351381.58367932896,4951117.583679329,4599736.0
PPO,4,70,4583384.0,354001.4716148213,4937385.471614821,4583384.0
PPO,4,71,4586104.0,352867.14291961445,4938971.142919615,4586104.0
PPO,4,72,4586288.0,354658.4745633506,4940946.474563351,4586288.0
PPO,4,73,4605568.0,350094.8667870772,4955662.866787077,4605568.0
PPO,4,74,4586984.0,354421.8387193149,4941405.838719315,4586984.0
PPO,4,75,4584192.0,354055.7431176629,4938247.743117663,4584192.0
PPO,4,76,4569464.0,349920.8727072125,4919384.872707212,4569464.0
PPO,4,77,4617152.0,357355.42660843686,4974507.426608437,4617152.0
PPO,4,78,4556624.0,354459.01458120876,4911083.014581209,4556624.0
PPO,4,79,4561200.0,352130.5437701168,4913330.543770117,4561200.0
PPO,4,80,4606232.0,354371.2405094587,4960603.240509459,4606232.0
PPO,4,81,4588920.0,354764.97309959313,4943684.973099593,4588920.0
PPO,4,82,4613016.0,349456.2076469551,4962472.207646955,4613016.0
PPO,4,83,4584064.0,353333.0046724777,4937397.004672478,4584064.0
PPO,4,84,4575552.0,351397.654218958,4926949.654218958,4575552.0
PPO,4,85,4597544.0,353494.10090980417,4951038.100909804,4597544.0
PPO,4,86,4592384.0,352211.4809056902,4944595.48090569,4592384.0
PPO,4,87,4596040.0,352986.85122148565,4949026.851221486,4596040.0
PPO,4,88,4590896.0,355809.7293193164,4946705.729319316,4590896.0
PPO,4,89,4588864.0,353948.463094669,4942812.463094669,4588864.0
PPO,4,90,4572768.0,354282.9582839952,4927050.958283995,4572768.0
PPO,4,91,4597856.0,352753.68720312277,4950609.687203122,4597856.0
PPO,4,92,4592800.0,355640.9162266968,4948440.916226697,4592800.0
PPO,4,93,4579464.0,351376.13529732806,4930840.135297328,4579464.0
PPO,4,94,4565128.0,352085.0327152687,4917213.032715268,4565128.0
PPO,4,95,4582600.0,354633.37576226844,4937233.375762269,4582600.0
PPO,4,96,4587400.0,352497.4340921161,4939897.434092116,4587400.0
PPO,4,97,4584416.0,353549.685786024,4937965.685786024,4584416.0
PPO,4,98,4589312.0,354279.387661204,4943591.387661204,4589312.0
PPO,4,99,4568800.0,353577.4303936496,4922377.430393649,4568800.0
PPO,4,100,4592168.0,351084.98870604223,4943252.988706042,4592168.0
PPO,4,101,4561656.0,352445.2976936248,4914101.297693625,4561656.0
PPO,4,102,4572352.0,354594.70262564515,4926946.702625645,4572352.0
PPO,4,103,4569544.0,354916.08590744325,4924460.085907443,4569544.0
PPO,4,104,4580008.0,352009.2201002467,4932017.220100246,4580008.0
PPO,4,105,4608088.0,358608.3636478726,4966696.363647873,4608088.0
PPO,4,106,4583360.0,351668.93990334735,4935028.939903348,4583360.0
PPO,4,107,4568504.0,353331.67768952134,4921835.677689522,4568504.0
PPO,4,108,4571208.0,349650.9992369041,4920858.999236904,4571208.0
PPO,4,109,4582400.0,356701.30039071944,4939101.300390719,4582400.0
PPO,4,110,4586848.0,353598.0584290474,4940446.058429047,4586848.0
PPO,4,111,4580264.0,351356.47850388905,4931620.478503889,4580264.0
PPO,4,112,4588072.0,351854.14068238967,4939926.14068239,4588072.0
PPO,4,113,4577928.0,353671.89427701896,4931599.894277019,4577928.0
PPO,4,114,4584728.0,350375.3803552967,4935103.380355297,4584728.0
PPO,4,115,4591824.0,356431.557825148,4948255.557825148,4591824.0
PPO,4,116,4597184.0,354920.3438424233,4952104.3438424235,4597184.0
PPO,4,117,4597880.0,354470.94416515884,4952350.944165159,4597880.0
PPO,4,118,4568440.0,354835.58439252066,4923275.584392521,4568440.0
PPO,4,119,4603968.0,357685.588042455,4961653.588042455,4603968.0
PPO,4,120,4594232.0,352056.33564679994,4946288.3356468,4594232.0
PPO,4,121,4603888.0,356755.24367566634,4960643.243675666,4603888.0
PPO,4,122,4583360.0,357012.4571150417,4940372.457115042,4583360.0
PPO,4,123,4591048.0,352088.21436431585,4943136.214364316,4591048.0
PPO,4,124,4581240.0,355788.825977723,4937028.825977723,4581240.0
PPO,4,125,4587304.0,355045.08546435676,4942349.0854643565,4587304.0
PPO,4,126,4598096.0,353592.798707203,4951688.798707203,4598096.0
PPO,4,127,4595496.0,354893.0184494619,4950389.018449462,4595496.0
PPO,4,128,4564272.0,351752.5885818076,4916024.588581808,4564272.0
PPO,4,129,4579504.0,352436.809407115,4931940.809407115,4579504.0
PPO,4,130,4584560.0,353352.83817742585,4937912.838177426,4584560.0
PPO,4,131,4588720.0,355178.4672835058,4943898.467283506,4588720.0
PPO,4,132,4576576.0,354022.60340793803,4930598.603407938,4576576.0
PPO,4,133,4585232.0,351950.50923222385,4937182.509232224,4585232.0
PPO,4,134,4597720.0,351635.8335416339,4949355.833541634,4597720.0
PPO,4,135,4580168.0,356486.4636953467,4936654.463695346,4580168.0
PPO,4,136,4585840.0,354838.52673031366,4940678.526730314,4585840.0
PPO,4,137,4615864.0,354782.3375748058,4970646.337574806,4615864.0
PPO,5,1,4597984.0,348491.24910577753,4946475.249105778,4597984.0
PPO,5,2,4589808.0,356006.1224070155,4945814.122407015,4589808.0
PPO,5,3,4587256.0,350975.95726365916,4938231.957263659,4587256.0
PPO,5,4,4607432.0,354522.1245257586,4961954.124525758,4607432.0
PPO,5,5,4550896.0,352236.9927379116,4903132.992737912,4550896.0
PPO,5,6,4564120.0,353042.7320230125,4917162.732023013,4564120.0
PPO,5,7,4582128.0,353090.3244163333,4935218.324416333,4582128.0
PPO,5,8,4576168.0,352994.82984547055,4929162.82984547,4576168.0
PPO,5,9,4575632.0,355462.4973367414,4931094.497336742,4575632.0
PPO,5,10,4605048.0,359397.9656105742,4964445.965610574,4605048.0
PPO,5,11,4589208.0,352707.85843624943,4941915.858436249,4589208.0
PPO,5,12,4594232.0,359429.3117945879,4953661.311794588,4594232.0
PPO,5,13,4615256.0,354180.63887811475,4969436.6388781145,4615256.0
PPO,5,14,4597376.0,356717.03408625023,4954093.03408625,4597376.0
PPO,5,15,4610600.0,357798.7229449273,4968398.722944927,4610600.0
PPO,5,16,4587840.0,352267.1300021752,4940107.130002175,4587840.0
PPO,5,17,4616952.0,352497.769088841,4969449.769088841,4616952.0
PPO,5,18,4600008.0,355547.0207779387,4955555.020777939,4600008.0
PPO,5,19,4581832.0,351487.1311248009,4933319.131124801,4581832.0
PPO,5,20,4582352.0,355474.73864413926,4937826.738644139,4582352.0
PPO,5,21,4579832.0,356764.4517951036,4936596.451795104,4579832.0
PPO,5,22,4608472.0,357032.9519283721,4965504.9519283725,4608472.0
PPO,5,23,4590560.0,352411.69342404284,4942971.693424043,4590560.0
PPO,5,24,4579240.0,353756.4608868169,4932996.4608868165,4579240.0
PPO,5,25,4577336.0,353834.2400999684,4931170.240099968,4577336.0
PPO,5,26,4582304.0,349725.2731916621,4932029.2731916625,4582304.0
PPO,5,27,4587296.0,351859.89673698717,4939155.896736987,4587296.0
PPO,5,28,4603392.0,350675.60906348814,4954067.609063488,4603392.0
PPO,5,29,4591896.0,349306.1207033446,4941202.120703344,4591896.0
PPO,5,30,4591496.0,353753.67785582994,4945249.67785583,4591496.0
PPO,5,31,4594000.0,350285.7569219634,4944285.756921964,4594000.0
PPO,5,32,4589888.0,353511.13566265116,4943399.135662651,4589888.0
PPO,5,33,4576896.0,353417.7901550949,4930313.790155095,4576896.0
PPO,5,34,4612840.0,355090.29311855766,4967930.293118558,4612840.0
PPO,5,35,4594760.0,352531.5188604295,4947291.5188604295,4594760.0
PPO,5,36,4597584.0,352647.4225331404,4950231.4225331405,4597584.0
PPO,5,37,4592048.0,354553.78795455804,4946601.787954558,4592048.0
PPO,5,38,4582696.0,351144.45259027026,4933840.45259027,4582696.0
PPO,5,39,4607664.0,355425.0316685723,4963089.031668573,4607664.0
PPO,5,40,4614216.0,357110.3594388303,4971326.35943883,4614216.0
PPO,5,41,4590672.0,351333.43835052097,4942005.438350521,4590672.0
PPO,5,42,4576480.0,352336.1484783113,4928816.1484783115,4576480.0
PPO,5,43,4600688.0,353262.94619672635,4953950.9461967265,4600688.0
PPO,5,44,4589160.0,354939.8999352052,4944099.8999352055,4589160.0
PPO,5,45,4579536.0,352149.99922871107,4931685.999228711,4579536.0
PPO,5,46,4600616.0,354437.42011636484,4955053.420116365,4600616.0
PPO,5,47,4574888.0,357431.74516868195,4932319.745168682,4574888.0
PPO,5,48,4588552.0,354552.43323101103,4943104.433231011,4588552.0
PPO,5,49,4585944.0,352872.4187954385,4938816.4187954385,4585944.0
PPO,5,50,4577568.0,357584.0660783521,4935152.066078352,4577568.0
PPO,5,51,4596816.0,355664.56516961544,4952480.565169616,4596816.0
PPO,5,52,4603456.0,354749.39084486617,4958205.390844867,4603456.0
PPO,5,53,4597672.0,354149.379857884,4951821.379857884,4597672.0
PPO,5,54,4590808.0,356715.599292882,4947523.599292882,4590808.0
PPO,5,55,4577824.0,346998.87598423276,4924822.875984233,4577824.0
PPO,5,56,4591592.0,351673.6442492017,4943265.644249202,4591592.0
PPO,5,57,4596336.0,355403.8013041005,4951739.8013041,4596336.0
PPO,5,58,4573752.0,351733.1656025343,4925485.165602534,4573752.0
PPO,5,59,4609928.0,356351.7975022199,4966279.79750222,4609928.0
PPO,5,60,4590008.0,352539.9173829723,4942547.917382972,4590008.0
PPO,5,61,4572344.0,352606.0618106528,4924950.061810653,4572344.0
PPO,5,62,4587776.0,354484.1080002378,4942260.1080002375,4587776.0
PPO,5,63,4565656.0,357898.44637567573,4923554.4463756755,4565656.0
PPO,5,64,4566744.0,352276.2859137153,4919020.285913715,4566744.0
PPO,5,65,4583360.0,351746.67320745235,4935106.6732074525,4583360.0
PPO,5,66,4589368.0,350249.46820992837,4939617.468209928,4589368.0
PPO,5,67,4590832.0,352877.95249419386,4943709.952494194,4590832.0
PPO,5,68,4586632.0,354568.1429295946,4941200.142929595,4586632.0
PPO,5,69,4604200.0,352421.11528400687,4956621.115284007,4604200.0
PPO,5,70,4598480.0,356771.8013412014,4955251.801341201,4598480.0
PPO,5,71,4588224.0,355540.33720352716,4943764.337203527,4588224.0
PPO,5,72,4592120.0,355293.10755873483,4947413.107558735,4592120.0
PPO,5,73,4569040.0,358461.354004573,4927501.354004573,4569040.0
PPO,5,74,4592720.0,356166.71668400127,4948886.7166840015,4592720.0
PPO,5,75,4592112.0,354566.09995213704,4946678.099952137,4592112.0
PPO,5,76,4586160.0,353875.51729818166,4940035.517298182,4586160.0
PPO,5,77,4590072.0,357480.1702081025,4947552.170208102,4590072.0
PPO,5,78,4597848.0,358124.4333653794,4955972.433365379,4597848.0
PPO,5,79,4617008.0,351869.26170488104,4968877.261704881,4617008.0
PPO,5,80,4592688.0,349709.6597987843,4942397.659798784,4592688.0
PPO,5,81,4589600.0,355414.061716286,4945014.061716286,4589600.0
PPO,5,82,4582264.0,352096.0097680293,4934360.00976803,4582264.0
PPO,5,83,4572616.0,359909.28345088544,4932525.283450886,4572616.0
PPO,5,84,4583896.0,350977.9237042463,4934873.923704246,4583896.0
PPO,5,85,4587960.0,354272.2414141259,4942232.241414126,4587960.0
PPO,5,86,4586712.0,351163.24386539677,4937875.243865397,4586712.0
PPO,5,87,4591096.0,353245.69249279663,4944341.692492797,4591096.0
PPO,5,88,4591200.0,351572.11366273795,4942772.113662738,4591200.0
PPO,5,89,4591120.0,353554.2279658132,4944674.227965813,4591120.0
PPO,5,90,4577920.0,354042.4293042187,4931962.429304219,4577920.0
PPO,5,91,4598600.0,354325.3412523043,4952925.341252305,4598600.0
PPO,5,92,4593528.0,354495.3448151378,4948023.344815138,4593528.0
PPO,5,93,4575608.0,352783.86784021533,4928391.867840216,4575608.0
PPO,5,94,4596840.0,359103.974356081,4955943.974356081,4596840.0
PPO,5,95,4573696.0,354558.3916466031,4928254.391646603,4573696.0
PPO,5,96,4585312.0,355722.90957768547,4941034.909577685,4585312.0
PPO,5,97,4595544.0,355815.2778294005,4951359.2778294,4595544.0
PPO,5,98,4578136.0,351241.04198280803,4929377.041982808,4578136.0
PPO,5,99,4594056.0,353418.7768038685,4947474.776803869,4594056.0
PPO,5,100,4603288.0,350730.4940563999,4954018.4940564,4603288.0
PPO,5,101,4607936.0,345921.7904144259,4953857.790414426,4607936.0
PPO,5,102,4587384.0,355919.4056189808,4943303.4056189805,4587384.0
PPO,5,103,4599272.0,358788.2591537914,4958060.259153792,4599272.0
PPO,5,104,4586696.0,351173.7889712702,4937869.78897127,4586696.0
PPO,5,105,4579984.0,351873.5577994004,4931857.557799401,4579984.0
PPO,5,106,4571128.0,352795.32081980165,4923923.320819802,4571128.0
PPO,5,107,4606584.0,355064.1311444853,4961648.131144485,4606584.0
PPO,5,108,4584312.0,348565.9456564092,4932877.9456564095,4584312.0
PPO,5,109,4598024.0,354852.5939377577,4952876.593937757,4598024.0
PPO,5,110,4589560.0,358411.9428773338,4947971.942877334,4589560.0
PPO,5,111,4580608.0,349587.7016360817,4930195.701636082,4580608.0
PPO,5,112,4592784.0,352670.9939592137,4945454.993959214,4592784.0
PPO,5,113,4586736.0,354126.73507161764,4940862.735071618,4586736.0
PPO,5,114,4579688.0,348705.6417482225,4928393.6417482225,4579688.0
PPO,5,115,4588128.0,352228.2592455497,4940356.259245549,4588128.0
PPO,5,116,4591472.0,354253.6924058531,4945725.692405853,4591472.0
PPO,5,117,4613712.0,354540.69825952756,4968252.698259528,4613712.0
PPO,5,118,4577440.0,358827.2574181327,4936267.257418132,4577440.0
PPO,5,119,4599640.0,350794.5509889241,4950434.550988924,4599640.0
PPO,5,120,4582864.0,355021.31937736,4937885.31937736,4582864.0
PPO,5,121,4603688.0,354324.9756866616,4958012.975686662,4603688.0
PPO,5,122,4585136.0,356363.89567531715,4941499.895675317,4585136.0
PPO,5,123,4579944.0,351588.1057561962,4931532.105756196,4579944.0
PPO,5,124,4599728.0,353082.8154143551,4952810.815414355,4599728.0
PPO,5,125,4563096.0,353623.2091440434,4916719.209144044,4563096.0
PPO,5,126,4605792.0,351356.6648484996,4957148.6648485,4605792.0
PPO,5,127,4583464.0,352617.378309359,4936081.378309359,4583464.0
PPO,5,128,4594880.0,353276.6734142433,4948156.673414243,4594880.0
PPO,5,129,4595528.0,355834.5321894528,4951362.532189453,4595528.0
PPO,5,130,4581752.0,351082.61621917185,4932834.616219172,4581752.0
PPO,5,131,4593472.0,353184.7852053465,4946656.7852053465,4593472.0
PPO,5,132,4579536.0,356418.5757986268,4935954.575798627,4579536.0
PPO,5,133,4606296.0,351204.9302849275,4957500.930284928,4606296.0
PPO,5,134,4603216.0,351036.44778213056,4954252.447782131,4603216.0
PPO,5,135,4601912.0,356556.1650754044,4958468.165075405,4601912.0
PPO,5,136,4591824.0,354450.3434820811,4946274.343482081,4591824.0
PPO,5,137,4606064.0,354437.80121136963,4960501.801211369,4606064.0
PPO,3,1,4594520.0,355228.2607585443,4949748.260758544,4594520.0
PPO,3,2,4587088.0,354180.368412702,4941268.368412702,4587088.0
PPO,3,3,4575208.0,350913.9793911448,4926121.979391145,4575208.0
PPO,3,4,4604776.0,355906.57152690215,4960682.571526902,4604776.0
PPO,3,5,4576424.0,357486.92194654094,4933910.9219465405,4576424.0
PPO,3,6,4585800.0,351382.0644571687,4937182.064457169,4585800.0
PPO,3,7,4592488.0,351618.08502939,4944106.08502939,4592488.0
PPO,3,8,4583016.0,350782.1378234254,4933798.137823425,4583016.0
PPO,3,9,4579224.0,351862.01332000224,4931086.013320003,4579224.0
PPO,3,10,4589104.0,351287.79518508015,4940391.79518508,4589104.0
PPO,3,11,4579336.0,352811.1320943283,4932147.132094328,4579336.0
PPO,3,12,4590312.0,355300.8831869928,4945612.883186993,4590312.0
PPO,3,13,4577144.0,354656.49446411507,4931800.494464115,4577144.0
PPO,3,14,4588552.0,353711.5930270986,4942263.593027099,4588552.0
PPO,3,15,4598696.0,353517.841858397,4952213.841858397,4598696.0
PPO,3,16,4597152.0,356128.2518306671,4953280.251830667,4597152.0
PPO,3,17,4585416.0,352138.642551407,4937554.642551407,4585416.0
PPO,3,18,4595256.0,354852.5270554679,4950108.5270554675,4595256.0
PPO,3,19,4587744.0,352387.0548096228,4940131.0548096225,4587744.0
PPO,3,20,4619424.0,358197.3592274456,4977621.359227446,4619424.0
PPO,3,21,4594376.0,354907.16968988156,4949283.169689882,4594376.0
PPO,3,22,4580576.0,356334.2020841763,4936910.202084176,4580576.0
PPO,3,23,4587920.0,352195.20997075614,4940115.209970756,4587920.0
PPO,3,24,4585576.0,348374.7302669519,4933950.730266952,4585576.0
PPO,3,25,4583840.0,356453.0437519128,4940293.043751913,4583840.0
PPO,3,26,4557488.0,351331.7591800838,4908819.759180084,4557488.0
PPO,3,27,4592656.0,354596.24128687865,4947252.2412868785,4592656.0
PPO,3,28,4576064.0,352383.95343053684,4928447.953430537,4576064.0
PPO,3,29,4598168.0,355520.2842788605,4953688.28427886,4598168.0
PPO,3,30,4586400.0,354699.5836924343,4941099.583692434,4586400.0
PPO,3,31,4606408.0,352832.36365057493,4959240.363650575,4606408.0
PPO,3,32,4589176.0,349193.462096619,4938369.462096619,4589176.0
PPO,3,33,4585688.0,351292.8586800328,4936980.858680033,4585688.0
PPO,3,34,4581240.0,352094.67633338994,4933334.67633339,4581240.0
PPO,3,35,4569016.0,351255.50483357906,4920271.504833579,4569016.0
PPO,3,36,4592504.0,356816.8813418706,4949320.881341871,4592504.0
PPO,3,37,4583600.0,354564.6637181549,4938164.663718155,4583600.0
PPO,3,38,4584264.0,353539.02871348546,4937803.028713485,4584264.0
PPO,3,39,4594472.0,350572.13651282823,4945044.136512828,4594472.0
PPO,3,40,4594760.0,350234.1506508601,4944994.15065086,4594760.0
PPO,3,41,4597464.0,354360.9725028474,4951824.972502847,4597464.0
PPO,3,42,4590656.0,347852.3089026723,4938508.3089026725,4590656.0
PPO,3,43,4576680.0,356078.3486797886,4932758.348679788,4576680.0
PPO,3,44,4577552.0,353930.853070831,4931482.853070831,4577552.0
PPO,3,45,4558088.0,355747.4508492874,4913835.450849287,4558088.0
PPO,3,46,4610536.0,355399.76586897846,4965935.765868979,4610536.0
PPO,3,47,4575784.0,352833.0800219492,4928617.0800219495,4575784.0
PPO,3,48,4560112.0,354036.12147183483,4914148.121471835,4560112.0
PPO,3,49,4567048.0,353134.00320426445,4920182.003204265,4567048.0
PPO,3,50,4591072.0,353557.35148821323,4944629.351488213,4591072.0
PPO,3,51,4586528.0,352081.71212443936,4938609.712124439,4586528.0
PPO,3,52,4603472.0,355240.63016864087,4958712.630168641,4603472.0
PPO,3,53,4571744.0,353738.5590687879,4925482.559068788,4571744.0
PPO,3,54,4594312.0,352496.1703209451,4946808.170320945,4594312.0
PPO,3,55,4602096.0,354434.0170351594,4956530.017035159,4602096.0
PPO,3,56,4607880.0,354608.8952718953,4962488.895271895,4607880.0
PPO,3,57,4593880.0,352958.4572895805,4946838.45728958,4593880.0
PPO,3,58,4577640.0,352049.427556186,4929689.427556186,4577640.0
PPO,3,59,4583280.0,352284.512715427,4935564.512715427,4583280.0
PPO,3,60,4593352.0,353925.6343580207,4947277.6343580205,4593352.0
PPO,3,61,4585096.0,351773.9915578486,4936869.991557849,4585096.0
PPO,3,62,4585080.0,350180.2851170327,4935260.285117033,4585080.0
PPO,3,63,4602344.0,351842.3338314884,4954186.333831488,4602344.0
PPO,3,64,4596008.0,357543.19585293886,4953551.195852939,4596008.0
PPO,3,65,4608040.0,354431.880026647,4962471.880026647,4608040.0
PPO,3,66,4591632.0,353995.4473638934,4945627.4473638935,4591632.0
PPO,3,67,4574568.0,351582.92304173525,4926150.923041735,4574568.0
PPO,3,68,4546736.0,351942.2625948311,4898678.262594831,4546736.0
PPO,3,69,4578024.0,355278.77467212814,4933302.774672128,4578024.0
PPO,3,70,4577648.0,354391.7140786324,4932039.714078632,4577648.0
PPO,3,71,4577856.0,351318.345098537,4929174.345098537,4577856.0
PPO,3,72,4587040.0,354995.5562216626,4942035.556221663,4587040.0
PPO,3,73,4599816.0,352012.12742698676,4951828.127426987,4599816.0
PPO,3,74,4574000.0,352347.10487142514,4926347.104871425,4574000.0
PPO,3,75,4606960.0,353516.66515388223,4960476.6651538825,4606960.0
PPO,3,76,4597904.0,357833.95204021124,4955737.952040211,4597904.0
PPO,3,77,4580960.0,357036.09987371776,4937996.099873718,4580960.0
PPO,3,78,4590768.0,353907.1231283021,4944675.123128302,4590768.0
PPO,3,79,4581824.0,354019.9568822815,4935843.956882281,4581824.0
PPO,3,80,4592896.0,353386.81620433193,4946282.816204332,4592896.0
PPO,3,81,4586800.0,357999.34621004434,4944799.346210044,4586800.0
PPO,3,82,4595704.0,354504.96014514123,4950208.960145141,4595704.0
PPO,3,83,4603216.0,354855.58171266,4958071.58171266,4603216.0
PPO,3,84,4580800.0,351792.59068867564,4932592.590688676,4580800.0
PPO,3,85,4585736.0,356136.3960280093,4941872.396028009,4585736.0
PPO,3,86,4572360.0,351767.9896439485,4924127.989643948,4572360.0
PPO,3,87,4577304.0,352513.722896174,4929817.722896174,4577304.0
PPO,3,88,4590456.0,352835.8000728228,4943291.800072823,4590456.0
PPO,3,89,4578072.0,357104.02683364984,4935176.02683365,4578072.0
PPO,3,90,4611024.0,357701.9803659074,4968725.980365908,4611024.0
PPO,3,91,4585632.0,354083.54534270585,4939715.545342706,4585632.0
PPO,3,92,4584368.0,350553.5217281011,4934921.521728101,4584368.0
PPO,3,93,4561840.0,350787.9115081747,4912627.911508175,4561840.0
PPO,3,94,4603648.0,356145.6085458967,4959793.608545897,4603648.0
PPO,3,95,4579136.0,348927.5141987186,4928063.514198719,4579136.0
PPO,3,96,4591672.0,352798.8648371348,4944470.864837135,4591672.0
PPO,3,97,4595920.0,352761.586096129,4948681.586096129,4595920.0
PPO,3,98,4581200.0,352790.74059187964,4933990.74059188,4581200.0
PPO,3,99,4573016.0,350080.2703850779,4923096.270385078,4573016.0
PPO,3,100,4587048.0,355753.00819357426,4942801.008193574,4587048.0
PPO,3,101,4592384.0,356751.9662743179,4949135.966274318,4592384.0
PPO,3,102,4585312.0,358213.2364553761,4943525.236455376,4585312.0
PPO,3,103,4575112.0,348866.60625030234,4923978.606250302,4575112.0
PPO,3,104,4604864.0,351495.7868523323,4956359.786852332,4604864.0
PPO,3,105,4597472.0,353890.60046294855,4951362.600462949,4597472.0
PPO,3,106,4608040.0,353229.38311492366,4961269.383114924,4608040.0
PPO,3,107,4610200.0,356407.2493841716,4966607.249384171,4610200.0
PPO,3,108,4568744.0,349122.13936878927,4917866.139368789,4568744.0
PPO,3,109,4584536.0,355151.8149090947,4939687.814909095,4584536.0
PPO,3,110,4575400.0,347877.5780652203,4923277.57806522,4575400.0
PPO,3,111,4586432.0,352231.65903379134,4938663.659033791,4586432.0
PPO,3,112,4591152.0,354612.99145340844,4945764.991453408,4591152.0
PPO,3,113,4567016.0,351158.94652794633,4918174.946527947,4567016.0
PPO,3,114,4571728.0,353890.8563280527,4925618.8563280525,4571728.0
PPO,3,115,4594640.0,352984.3252572642,4947624.325257264,4594640.0
PPO,3,116,4586776.0,355458.3314994243,4942234.331499424,4586776.0
PPO,3,117,4579040.0,352363.45669652114,4931403.4566965215,4579040.0
PPO,3,118,4574232.0,353678.4151476963,4927910.415147697,4574232.0
PPO,3,119,4596992.0,358926.36245493544,4955918.362454936,4596992.0
PPO,3,120,4581928.0,355314.98011977086,4937242.98011977,4581928.0
PPO,3,121,4598648.0,355734.22600683966,4954382.226006839,4598648.0
PPO,3,122,4611096.0,350875.8242281244,4961971.824228125,4611096.0
PPO,3,123,4581040.0,349744.79950945853,4930784.799509458,4581040.0
PPO,3,124,4581808.0,355049.45991776726,4936857.459917767,4581808.0
PPO,3,125,4587504.0,353802.89690142474,4941306.896901425,4587504.0
PPO,3,126,4578640.0,354358.10727742175,4932998.107277421,4578640.0
PPO,3,127,4619872.0,356557.2519593587,4976429.251959358,4619872.0
PPO,3,128,4576240.0,351146.41744612966,4927386.41744613,4576240.0
PPO,3,129,4574608.0,352218.5939822737,4926826.593982274,4574608.0
PPO,3,130,4573760.0,351074.17761299387,4924834.177612994,4573760.0
PPO,3,131,4598488.0,352806.4998273926,4951294.499827392,4598488.0
PPO,3,132,4619696.0,353692.23732716014,4973388.23732716,4619696.0
PPO,3,133,4588800.0,355099.7131827003,4943899.7131827,4588800.0
PPO,3,134,4583144.0,351559.7401598524,4934703.740159852,4583144.0
PPO,3,135,4571408.0,357535.4681759115,4928943.468175911,4571408.0
PPO,3,136,4585904.0,351892.00676695537,4937796.006766955,4585904.0
PPO,3,137,4590416.0,353875.0480887217,4944291.048088722,4590416.0
