{
  "episode_rewards_hotel": [
    2371856.832899999,
    2398208.1917000003,
    2353271.6376000014,
    2379891.933349999,
    2371939.6873,
    2361270.666349999,
    2365678.049849997,
    2355287.545499997,
    2360330.6869999995,
    2387875.475549998,
    2378283.7189500006,
    2352856.9568500007,
    2362313.8629,
    2375384.8316,
    2352485.4403000004,
    2349534.6150999996,
    2386671.372499998,
    2397499.7858,
    2385007.5976,
    2367455.330149999,
    2356389.812150001,
    2372041.4815499997,
    2358691.175499999,
    2376347.066700001,
    2363068.901199999,
    2362256.901450003,
    2386425.501650001,
    2358740.910450001,
    2404399.4206999997,
    2373950.5937999985,
    2352134.8641999993,
    2371266.4125000006,
    2388858.723049998,
    2369732.4967499995,
    2383071.207899999,
    2367854.2218500013,
    2371830.3805,
    2393952.359850002,
    2398726.826599999,
    2366787.066700001,
    2372810.9120000005,
    2372234.5135500017,
    2377532.4949500007,
    2386823.342449998,
    2338227.7639499996,
    2385488.1723999977,
    2386659.647000001,
    2356442.3799999994,
    2368201.893800002,
    2392070.674550001,
    2372071.8817499992,
    2374299.3907000003,
    2383100.838100001,
    2383185.8209999995,
    2360492.4219,
    2383718.9788500005,
    2370226.6223000004,
    2346507.109400001,
    2364001.8354000025,
    2372010.4239,
    2379280.5675499993,
    2379721.95215,
    2389049.3371,
    2372263.876050001,
    2378123.0263499985,
    2353702.419799999,
    2380924.0943999984,
    2400007.5072500007,
    2388304.9858499994,
    2384319.3843500013,
    2403763.8093999987,
    2373832.248050002,
    2396680.07775,
    2367362.0086000003,
    2402303.3005000004,
    2392929.205449999,
    2363985.298050001,
    2396723.5245000008,
    2383886.66115,
    2375440.0992500014,
    2383000.1004500007,
    2394943.440849999,
    2429413.2623500004,
    2370170.0405500014,
    2404430.601750001,
    2409814.013850001,
    2399763.6085,
    2389861.817199998,
    2390976.9348000013,
    2377740.658750002,
    2406177.496600001,
    2374480.917899999,
    2369483.9583499976,
    2366340.1484000008,
    2353309.8177500004,
    2364239.3171000006,
    2393792.2354,
    2346248.5546500017,
    2365126.151099999,
    2371504.2840499976
  ],
  "episode_rewards_ota": [
    216592.44347999996,
    207665.33934000004,
    210279.4849100002,
    210013.16096999985,
    213694.25729999988,
    208219.4059899998,
    206242.84792999979,
    211689.40601999997,
    209482.70698999992,
    214893.95934,
    211658.1441699999,
    220056.17572000003,
    214147.16749999984,
    226373.12628000008,
    216974.77632,
    219124.13779999994,
    226255.1101800001,
    233575.4443100001,
    228699.42816,
    236354.52471000003,
    228173.27252000014,
    232043.41161,
    242995.56986999995,
    254138.60982000004,
    226956.67742999995,
    254871.06660000002,
    243980.04890999992,
    243728.3399500001,
    263104.69406999997,
    264791.25970999995,
    256313.50117,
    255926.10071000003,
    267728.7883999999,
    265556.74961999996,
    260976.50196999992,
    263673.28355999984,
    267607.3602200001,
    279131.2975500002,
    290770.4822600002,
    270828.15360000014,
    286032.07310000004,
    274005.23096000013,
    293479.8638099997,
    275374.0196799999,
    262249.8048199999,
    267775.69191000017,
    288238.24807000015,
    276815.10957,
    260190.35903999992,
    278300.08097000007,
    290076.54935999995,
    291222.9290999998,
    326474.70180999965,
    309261.6197199999,
    304118.1068399999,
    294056.14484999987,
    272146.79484000005,
    272612.84059,
    303693.03432000015,
    303340.9763800002,
    309779.40231000015,
    294302.94334000006,
    297259.8851199997,
    287152.76544999995,
    269148.65180999995,
    287608.4785399999,
    285419.3572599999,
    320406.38358,
    301231.8481999998,
    314688.1236500001,
    313002.0024299999,
    296894.35684999987,
    311079.0841500001,
    327338.5634900002,
    340296.75314000016,
    309117.28436000005,
    316121.42755000014,
    305453.9009999999,
    315736.9246600001,
    298202.72248999996,
    322251.71551999997,
    343577.95552999974,
    355833.65185999963,
    333711.88163999986,
    331278.2658599998,
    334645.7974700002,
    333604.8097399999,
    333452.5759699999,
    316688.20884000004,
    310322.86985000013,
    325921.2536899997,
    322498.1813300001,
    312027.8215700002,
    330856.82047000004,
    327358.89089999994,
    312384.3919499999,
    321753.48137,
    312679.95102,
    304889.28994999995,
    298515.8463699998
  ],
  "episode_bookings_direct": [
    8285,
    8552,
    8141,
    8416,
    8319,
    8213,
    8399,
    8209,
    8191,
    8399,
    8292,
    7975,
    8351,
    8363,
    8252,
    8246,
    8402,
    8425,
    8260,
    8183,
    8223,
    8328,
    8279,
    8379,
    8385,
    8223,
    8328,
    8174,
    8355,
    8112,
    8229,
    8272,
    8443,
    8357,
    8355,
    8312,
    8165,
    8309,
    8283,
    8240,
    8236,
    8275,
    8305,
    8267,
    8160,
    8284,
    8371,
    8161,
    8450,
    8443,
    8185,
    8442,
    8169,
    8313,
    8235,
    8188,
    8183,
    8209,
    8167,
    8262,
    8196,
    8217,
    8270,
    8237,
    8398,
    8104,
    8280,
    8467,
    8365,
    8311,
    8537,
    8364,
    8417,
    8353,
    8197,
    8394,
    8216,
    8372,
    8411,
    8204,
    8350,
    8413,
    8432,
    8164,
    8369,
    8352,
    8277,
    8290,
    8307,
    8216,
    8315,
    8048,
    8101,
    8039,
    8161,
    8149,
    8181,
    7965,
    8127,
    8263
  ],
  "episode_bookings_ota": [
    15874,
    15853,
    15839,
    15769,
    15854,
    15776,
    15735,
    15726,
    15810,
    15956,
    15935,
    16031,
    15679,
    15863,
    15752,
    15729,
    15918,
    16002,
    15936,
    15926,
    15805,
    15792,
    15764,
    15899,
    15605,
    15908,
    15946,
    15903,
    16150,
    16085,
    15780,
    15928,
    15990,
    15856,
    15939,
    15774,
    16127,
    16240,
    16212,
    15975,
    16118,
    15978,
    16220,
    16037,
    15645,
    15979,
    16138,
    15857,
    15589,
    15955,
    16075,
    15819,
    16476,
    16104,
    15959,
    16144,
    15871,
    15598,
    15994,
    16059,
    16166,
    16116,
    16055,
    15843,
    15618,
    15872,
    15926,
    16175,
    16053,
    16203,
    16073,
    15894,
    16055,
    16065,
    16521,
    16033,
    15985,
    16086,
    16012,
    16005,
    16067,
    16332,
    16596,
    16169,
    16268,
    16406,
    16373,
    16230,
    16132,
    16033,
    16326,
    16239,
    15963,
    16169,
    15898,
    15917,
    16177,
    15941,
    15852,
    15714
  ],